--
-- PostgreSQL database dump
--

-- Dumped from database version 17.4
-- Dumped by pg_dump version 17.4

SET statement_timeout = 0;
SET lock_timeout = 0;
SET idle_in_transaction_session_timeout = 0;
SET transaction_timeout = 0;
SET client_encoding = 'UTF8';
SET standard_conforming_strings = on;
SELECT pg_catalog.set_config('search_path', '', false);
SET check_function_bodies = false;
SET xmloption = content;
SET client_min_messages = warning;
SET row_security = off;

SET default_tablespace = '';

SET default_table_access_method = heap;

--
-- Name: auth_group; Type: TABLE; Schema: public; Owner: cattle_user
--

CREATE TABLE public.auth_group (
    id integer NOT NULL,
    name character varying(150) NOT NULL
);


ALTER TABLE public.auth_group OWNER TO cattle_user;

--
-- Name: auth_group_id_seq; Type: SEQUENCE; Schema: public; Owner: cattle_user
--

ALTER TABLE public.auth_group ALTER COLUMN id ADD GENERATED BY DEFAULT AS IDENTITY (
    SEQUENCE NAME public.auth_group_id_seq
    START WITH 1
    INCREMENT BY 1
    NO MINVALUE
    NO MAXVALUE
    CACHE 1
);


--
-- Name: auth_group_permissions; Type: TABLE; Schema: public; Owner: cattle_user
--

CREATE TABLE public.auth_group_permissions (
    id bigint NOT NULL,
    group_id integer NOT NULL,
    permission_id integer NOT NULL
);


ALTER TABLE public.auth_group_permissions OWNER TO cattle_user;

--
-- Name: auth_group_permissions_id_seq; Type: SEQUENCE; Schema: public; Owner: cattle_user
--

ALTER TABLE public.auth_group_permissions ALTER COLUMN id ADD GENERATED BY DEFAULT AS IDENTITY (
    SEQUENCE NAME public.auth_group_permissions_id_seq
    START WITH 1
    INCREMENT BY 1
    NO MINVALUE
    NO MAXVALUE
    CACHE 1
);


--
-- Name: auth_permission; Type: TABLE; Schema: public; Owner: cattle_user
--

CREATE TABLE public.auth_permission (
    id integer NOT NULL,
    name character varying(255) NOT NULL,
    content_type_id integer NOT NULL,
    codename character varying(100) NOT NULL
);


ALTER TABLE public.auth_permission OWNER TO cattle_user;

--
-- Name: auth_permission_id_seq; Type: SEQUENCE; Schema: public; Owner: cattle_user
--

ALTER TABLE public.auth_permission ALTER COLUMN id ADD GENERATED BY DEFAULT AS IDENTITY (
    SEQUENCE NAME public.auth_permission_id_seq
    START WITH 1
    INCREMENT BY 1
    NO MINVALUE
    NO MAXVALUE
    CACHE 1
);


--
-- Name: auth_user; Type: TABLE; Schema: public; Owner: cattle_user
--

CREATE TABLE public.auth_user (
    id integer NOT NULL,
    password character varying(128) NOT NULL,
    last_login timestamp with time zone,
    is_superuser boolean NOT NULL,
    username character varying(150) NOT NULL,
    first_name character varying(150) NOT NULL,
    last_name character varying(150) NOT NULL,
    email character varying(254) NOT NULL,
    is_staff boolean NOT NULL,
    is_active boolean NOT NULL,
    date_joined timestamp with time zone NOT NULL
);


ALTER TABLE public.auth_user OWNER TO cattle_user;

--
-- Name: auth_user_groups; Type: TABLE; Schema: public; Owner: cattle_user
--

CREATE TABLE public.auth_user_groups (
    id bigint NOT NULL,
    user_id integer NOT NULL,
    group_id integer NOT NULL
);


ALTER TABLE public.auth_user_groups OWNER TO cattle_user;

--
-- Name: auth_user_groups_id_seq; Type: SEQUENCE; Schema: public; Owner: cattle_user
--

ALTER TABLE public.auth_user_groups ALTER COLUMN id ADD GENERATED BY DEFAULT AS IDENTITY (
    SEQUENCE NAME public.auth_user_groups_id_seq
    START WITH 1
    INCREMENT BY 1
    NO MINVALUE
    NO MAXVALUE
    CACHE 1
);


--
-- Name: auth_user_id_seq; Type: SEQUENCE; Schema: public; Owner: cattle_user
--

ALTER TABLE public.auth_user ALTER COLUMN id ADD GENERATED BY DEFAULT AS IDENTITY (
    SEQUENCE NAME public.auth_user_id_seq
    START WITH 1
    INCREMENT BY 1
    NO MINVALUE
    NO MAXVALUE
    CACHE 1
);


--
-- Name: auth_user_user_permissions; Type: TABLE; Schema: public; Owner: cattle_user
--

CREATE TABLE public.auth_user_user_permissions (
    id bigint NOT NULL,
    user_id integer NOT NULL,
    permission_id integer NOT NULL
);


ALTER TABLE public.auth_user_user_permissions OWNER TO cattle_user;

--
-- Name: auth_user_user_permissions_id_seq; Type: SEQUENCE; Schema: public; Owner: cattle_user
--

ALTER TABLE public.auth_user_user_permissions ALTER COLUMN id ADD GENERATED BY DEFAULT AS IDENTITY (
    SEQUENCE NAME public.auth_user_user_permissions_id_seq
    START WITH 1
    INCREMENT BY 1
    NO MINVALUE
    NO MAXVALUE
    CACHE 1
);


--
-- Name: cattle_tracker_alert; Type: TABLE; Schema: public; Owner: cattle_user
--

CREATE TABLE public.cattle_tracker_alert (
    id bigint NOT NULL,
    alert_type character varying(20) NOT NULL,
    message text NOT NULL,
    alert_date timestamp with time zone NOT NULL,
    resolved boolean NOT NULL,
    cattle_id bigint NOT NULL
);


ALTER TABLE public.cattle_tracker_alert OWNER TO cattle_user;

--
-- Name: cattle_tracker_alert_id_seq; Type: SEQUENCE; Schema: public; Owner: cattle_user
--

ALTER TABLE public.cattle_tracker_alert ALTER COLUMN id ADD GENERATED BY DEFAULT AS IDENTITY (
    SEQUENCE NAME public.cattle_tracker_alert_id_seq
    START WITH 1
    INCREMENT BY 1
    NO MINVALUE
    NO MAXVALUE
    CACHE 1
);


--
-- Name: cattle_tracker_app_alert; Type: TABLE; Schema: public; Owner: cattle_user
--

CREATE TABLE public.cattle_tracker_app_alert (
    id bigint NOT NULL,
    alert_type character varying(20) NOT NULL,
    message text NOT NULL,
    alert_date timestamp with time zone NOT NULL,
    resolved boolean NOT NULL,
    cattle_id bigint NOT NULL
);


ALTER TABLE public.cattle_tracker_app_alert OWNER TO cattle_user;

--
-- Name: cattle_tracker_app_alert_id_seq; Type: SEQUENCE; Schema: public; Owner: cattle_user
--

ALTER TABLE public.cattle_tracker_app_alert ALTER COLUMN id ADD GENERATED BY DEFAULT AS IDENTITY (
    SEQUENCE NAME public.cattle_tracker_app_alert_id_seq
    START WITH 1
    INCREMENT BY 1
    NO MINVALUE
    NO MAXVALUE
    CACHE 1
);


--
-- Name: cattle_tracker_app_breedinghistory; Type: TABLE; Schema: public; Owner: cattle_user
--

CREATE TABLE public.cattle_tracker_app_breedinghistory (
    id bigint NOT NULL,
    breeding_date date NOT NULL,
    pregnancy_confirmation_date date,
    expected_calving_date date,
    calving_outcome character varying(20),
    bull_id bigint,
    cow_id bigint NOT NULL,
    offspring_id bigint
);


ALTER TABLE public.cattle_tracker_app_breedinghistory OWNER TO cattle_user;

--
-- Name: cattle_tracker_app_breedinghistory_id_seq; Type: SEQUENCE; Schema: public; Owner: cattle_user
--

ALTER TABLE public.cattle_tracker_app_breedinghistory ALTER COLUMN id ADD GENERATED BY DEFAULT AS IDENTITY (
    SEQUENCE NAME public.cattle_tracker_app_breedinghistory_id_seq
    START WITH 1
    INCREMENT BY 1
    NO MINVALUE
    NO MAXVALUE
    CACHE 1
);


--
-- Name: cattle_tracker_app_breedingrecord; Type: TABLE; Schema: public; Owner: cattle_user
--

CREATE TABLE public.cattle_tracker_app_breedingrecord (
    id bigint NOT NULL,
    breeding_date date NOT NULL,
    method character varying(10) NOT NULL,
    notes text,
    bull_id bigint,
    cow_id bigint NOT NULL,
    herd_sire_id bigint,
    cleanup_herd_sire_id bigint,
    cleanup_method character varying(10),
    cleanup_sire_id bigint,
    is_leased boolean NOT NULL
);


ALTER TABLE public.cattle_tracker_app_breedingrecord OWNER TO cattle_user;

--
-- Name: cattle_tracker_app_breedingrecord_id_seq; Type: SEQUENCE; Schema: public; Owner: cattle_user
--

ALTER TABLE public.cattle_tracker_app_breedingrecord ALTER COLUMN id ADD GENERATED BY DEFAULT AS IDENTITY (
    SEQUENCE NAME public.cattle_tracker_app_breedingrecord_id_seq
    START WITH 1
    INCREMENT BY 1
    NO MINVALUE
    NO MAXVALUE
    CACHE 1
);


--
-- Name: cattle_tracker_app_calvingrecord; Type: TABLE; Schema: public; Owner: cattle_user
--

CREATE TABLE public.cattle_tracker_app_calvingrecord (
    id bigint NOT NULL,
    birth_date date NOT NULL,
    birth_weight numeric(5,2),
    health_notes text,
    calf_id bigint NOT NULL,
    dam_id bigint NOT NULL,
    sire_id bigint
);


ALTER TABLE public.cattle_tracker_app_calvingrecord OWNER TO cattle_user;

--
-- Name: cattle_tracker_app_calvingrecord_id_seq; Type: SEQUENCE; Schema: public; Owner: cattle_user
--

ALTER TABLE public.cattle_tracker_app_calvingrecord ALTER COLUMN id ADD GENERATED BY DEFAULT AS IDENTITY (
    SEQUENCE NAME public.cattle_tracker_app_calvingrecord_id_seq
    START WITH 1
    INCREMENT BY 1
    NO MINVALUE
    NO MAXVALUE
    CACHE 1
);


--
-- Name: cattle_tracker_app_cattle; Type: TABLE; Schema: public; Owner: cattle_user
--

CREATE TABLE public.cattle_tracker_app_cattle (
    id bigint NOT NULL,
    ear_tag character varying(20) NOT NULL,
    dob date NOT NULL,
    sex character varying(6) NOT NULL,
    breed character varying(50) NOT NULL,
    purchase_date date,
    sale_date date,
    status character varying(10) NOT NULL,
    dam_id bigint,
    sire_id bigint,
    sire_type character varying(10),
    purchase_price numeric(10,2),
    purchased_from character varying(255),
    registration_number character varying(100),
    sale_price numeric(10,2),
    sold_to character varying(255),
    owner_id bigint,
    photo character varying(100),
    animal_type character varying(10) NOT NULL,
    pregnancy_status character varying(10),
    breeding_method character varying(10) NOT NULL,
    herd_sire_id bigint,
    pasture_id bigint
);


ALTER TABLE public.cattle_tracker_app_cattle OWNER TO cattle_user;

--
-- Name: cattle_tracker_app_cattle_id_seq; Type: SEQUENCE; Schema: public; Owner: cattle_user
--

ALTER TABLE public.cattle_tracker_app_cattle ALTER COLUMN id ADD GENERATED BY DEFAULT AS IDENTITY (
    SEQUENCE NAME public.cattle_tracker_app_cattle_id_seq
    START WITH 1
    INCREMENT BY 1
    NO MINVALUE
    NO MAXVALUE
    CACHE 1
);


--
-- Name: cattle_tracker_app_healthrecord; Type: TABLE; Schema: public; Owner: cattle_user
--

CREATE TABLE public.cattle_tracker_app_healthrecord (
    id bigint NOT NULL,
    record_date date NOT NULL,
    weight numeric(6,2) NOT NULL,
    temperature numeric(4,2),
    notes text,
    cattle_id bigint NOT NULL
);


ALTER TABLE public.cattle_tracker_app_healthrecord OWNER TO cattle_user;

--
-- Name: cattle_tracker_app_healthrecord_id_seq; Type: SEQUENCE; Schema: public; Owner: cattle_user
--

ALTER TABLE public.cattle_tracker_app_healthrecord ALTER COLUMN id ADD GENERATED BY DEFAULT AS IDENTITY (
    SEQUENCE NAME public.cattle_tracker_app_healthrecord_id_seq
    START WITH 1
    INCREMENT BY 1
    NO MINVALUE
    NO MAXVALUE
    CACHE 1
);


--
-- Name: cattle_tracker_app_illnessrecord; Type: TABLE; Schema: public; Owner: cattle_user
--

CREATE TABLE public.cattle_tracker_app_illnessrecord (
    id bigint NOT NULL,
    illness_name character varying(100) NOT NULL,
    diagnosis_date date NOT NULL,
    treatment text,
    recovery_status character varying(10) NOT NULL,
    cattle_id bigint NOT NULL
);


ALTER TABLE public.cattle_tracker_app_illnessrecord OWNER TO cattle_user;

--
-- Name: cattle_tracker_app_illnessrecord_id_seq; Type: SEQUENCE; Schema: public; Owner: cattle_user
--

ALTER TABLE public.cattle_tracker_app_illnessrecord ALTER COLUMN id ADD GENERATED BY DEFAULT AS IDENTITY (
    SEQUENCE NAME public.cattle_tracker_app_illnessrecord_id_seq
    START WITH 1
    INCREMENT BY 1
    NO MINVALUE
    NO MAXVALUE
    CACHE 1
);


--
-- Name: cattle_tracker_app_importlog; Type: TABLE; Schema: public; Owner: cattle_user
--

CREATE TABLE public.cattle_tracker_app_importlog (
    id bigint NOT NULL,
    "timestamp" timestamp with time zone NOT NULL,
    filename character varying(255) NOT NULL,
    record_type character varying(50) NOT NULL,
    success_count integer NOT NULL,
    failure_count integer NOT NULL,
    error_log text NOT NULL,
    imported_by_id integer,
    CONSTRAINT cattle_tracker_app_importlog_failure_count_check CHECK ((failure_count >= 0)),
    CONSTRAINT cattle_tracker_app_importlog_success_count_check CHECK ((success_count >= 0))
);


ALTER TABLE public.cattle_tracker_app_importlog OWNER TO cattle_user;

--
-- Name: cattle_tracker_app_importlog_id_seq; Type: SEQUENCE; Schema: public; Owner: cattle_user
--

ALTER TABLE public.cattle_tracker_app_importlog ALTER COLUMN id ADD GENERATED BY DEFAULT AS IDENTITY (
    SEQUENCE NAME public.cattle_tracker_app_importlog_id_seq
    START WITH 1
    INCREMENT BY 1
    NO MINVALUE
    NO MAXVALUE
    CACHE 1
);


--
-- Name: cattle_tracker_app_leasedbull; Type: TABLE; Schema: public; Owner: cattle_user
--

CREATE TABLE public.cattle_tracker_app_leasedbull (
    id bigint NOT NULL,
    ear_tag character varying(20) NOT NULL,
    breed character varying(50) NOT NULL,
    dob date,
    lease_start date NOT NULL,
    lease_end date,
    owner_name character varying(100) NOT NULL,
    notes text NOT NULL
);


ALTER TABLE public.cattle_tracker_app_leasedbull OWNER TO cattle_user;

--
-- Name: cattle_tracker_app_leasedbull_id_seq; Type: SEQUENCE; Schema: public; Owner: cattle_user
--

ALTER TABLE public.cattle_tracker_app_leasedbull ALTER COLUMN id ADD GENERATED BY DEFAULT AS IDENTITY (
    SEQUENCE NAME public.cattle_tracker_app_leasedbull_id_seq
    START WITH 1
    INCREMENT BY 1
    NO MINVALUE
    NO MAXVALUE
    CACHE 1
);


--
-- Name: cattle_tracker_app_owner; Type: TABLE; Schema: public; Owner: cattle_user
--

CREATE TABLE public.cattle_tracker_app_owner (
    id bigint NOT NULL,
    name character varying(100) NOT NULL,
    phone character varying(30) NOT NULL,
    email character varying(254),
    address text,
    user_id integer
);


ALTER TABLE public.cattle_tracker_app_owner OWNER TO cattle_user;

--
-- Name: cattle_tracker_app_owner_id_seq; Type: SEQUENCE; Schema: public; Owner: cattle_user
--

ALTER TABLE public.cattle_tracker_app_owner ALTER COLUMN id ADD GENERATED BY DEFAULT AS IDENTITY (
    SEQUENCE NAME public.cattle_tracker_app_owner_id_seq
    START WITH 1
    INCREMENT BY 1
    NO MINVALUE
    NO MAXVALUE
    CACHE 1
);


--
-- Name: cattle_tracker_app_owneruseraccess; Type: TABLE; Schema: public; Owner: cattle_user
--

CREATE TABLE public.cattle_tracker_app_owneruseraccess (
    id bigint NOT NULL,
    role character varying(20) NOT NULL,
    owner_id bigint NOT NULL,
    user_id integer NOT NULL
);


ALTER TABLE public.cattle_tracker_app_owneruseraccess OWNER TO cattle_user;

--
-- Name: cattle_tracker_app_owneruseraccess_id_seq; Type: SEQUENCE; Schema: public; Owner: cattle_user
--

ALTER TABLE public.cattle_tracker_app_owneruseraccess ALTER COLUMN id ADD GENERATED BY DEFAULT AS IDENTITY (
    SEQUENCE NAME public.cattle_tracker_app_owneruseraccess_id_seq
    START WITH 1
    INCREMENT BY 1
    NO MINVALUE
    NO MAXVALUE
    CACHE 1
);


--
-- Name: cattle_tracker_app_pregnancyrecord; Type: TABLE; Schema: public; Owner: cattle_user
--

CREATE TABLE public.cattle_tracker_app_pregnancyrecord (
    id bigint NOT NULL,
    pregnancy_confirmed boolean NOT NULL,
    expected_due_date date,
    pregnancy_status character varying(12) NOT NULL,
    notes text,
    breeding_record_id bigint NOT NULL,
    cow_id bigint NOT NULL
);


ALTER TABLE public.cattle_tracker_app_pregnancyrecord OWNER TO cattle_user;

--
-- Name: cattle_tracker_app_pregnancyrecord_id_seq; Type: SEQUENCE; Schema: public; Owner: cattle_user
--

ALTER TABLE public.cattle_tracker_app_pregnancyrecord ALTER COLUMN id ADD GENERATED BY DEFAULT AS IDENTITY (
    SEQUENCE NAME public.cattle_tracker_app_pregnancyrecord_id_seq
    START WITH 1
    INCREMENT BY 1
    NO MINVALUE
    NO MAXVALUE
    CACHE 1
);


--
-- Name: cattle_tracker_app_turnoutgroup_bulls; Type: TABLE; Schema: public; Owner: cattle_user
--

CREATE TABLE public.cattle_tracker_app_turnoutgroup_bulls (
    id bigint NOT NULL,
    turnoutgroup_id bigint NOT NULL,
    cattle_id bigint NOT NULL
);


ALTER TABLE public.cattle_tracker_app_turnoutgroup_bulls OWNER TO cattle_user;

--
-- Name: cattle_tracker_app_turnoutgroup_bulls_id_seq; Type: SEQUENCE; Schema: public; Owner: cattle_user
--

ALTER TABLE public.cattle_tracker_app_turnoutgroup_bulls ALTER COLUMN id ADD GENERATED BY DEFAULT AS IDENTITY (
    SEQUENCE NAME public.cattle_tracker_app_turnoutgroup_bulls_id_seq
    START WITH 1
    INCREMENT BY 1
    NO MINVALUE
    NO MAXVALUE
    CACHE 1
);


--
-- Name: cattle_tracker_app_turnoutgroup_cows; Type: TABLE; Schema: public; Owner: cattle_user
--

CREATE TABLE public.cattle_tracker_app_turnoutgroup_cows (
    id bigint NOT NULL,
    turnoutgroup_id bigint NOT NULL,
    cattle_id bigint NOT NULL
);


ALTER TABLE public.cattle_tracker_app_turnoutgroup_cows OWNER TO cattle_user;

--
-- Name: cattle_tracker_app_turnoutgroup_cows_id_seq; Type: SEQUENCE; Schema: public; Owner: cattle_user
--

ALTER TABLE public.cattle_tracker_app_turnoutgroup_cows ALTER COLUMN id ADD GENERATED BY DEFAULT AS IDENTITY (
    SEQUENCE NAME public.cattle_tracker_app_turnoutgroup_cows_id_seq
    START WITH 1
    INCREMENT BY 1
    NO MINVALUE
    NO MAXVALUE
    CACHE 1
);


--
-- Name: cattle_tracker_app_turnoutgroup_owners; Type: TABLE; Schema: public; Owner: cattle_user
--

CREATE TABLE public.cattle_tracker_app_turnoutgroup_owners (
    id bigint NOT NULL,
    turnoutgroup_id bigint NOT NULL,
    owner_id bigint NOT NULL
);


ALTER TABLE public.cattle_tracker_app_turnoutgroup_owners OWNER TO cattle_user;

--
-- Name: cattle_tracker_app_turnoutgroup_owners_id_seq; Type: SEQUENCE; Schema: public; Owner: cattle_user
--

ALTER TABLE public.cattle_tracker_app_turnoutgroup_owners ALTER COLUMN id ADD GENERATED BY DEFAULT AS IDENTITY (
    SEQUENCE NAME public.cattle_tracker_app_turnoutgroup_owners_id_seq
    START WITH 1
    INCREMENT BY 1
    NO MINVALUE
    NO MAXVALUE
    CACHE 1
);


--
-- Name: cattle_tracker_app_vaccinationrecord; Type: TABLE; Schema: public; Owner: cattle_user
--

CREATE TABLE public.cattle_tracker_app_vaccinationrecord (
    id bigint NOT NULL,
    vaccine_name character varying(100) NOT NULL,
    date_given date NOT NULL,
    next_due date,
    cattle_id bigint NOT NULL
);


ALTER TABLE public.cattle_tracker_app_vaccinationrecord OWNER TO cattle_user;

--
-- Name: cattle_tracker_app_vaccinationrecord_id_seq; Type: SEQUENCE; Schema: public; Owner: cattle_user
--

ALTER TABLE public.cattle_tracker_app_vaccinationrecord ALTER COLUMN id ADD GENERATED BY DEFAULT AS IDENTITY (
    SEQUENCE NAME public.cattle_tracker_app_vaccinationrecord_id_seq
    START WITH 1
    INCREMENT BY 1
    NO MINVALUE
    NO MAXVALUE
    CACHE 1
);


--
-- Name: cattle_tracker_app_weightlog; Type: TABLE; Schema: public; Owner: cattle_user
--

CREATE TABLE public.cattle_tracker_app_weightlog (
    id bigint NOT NULL,
    date date NOT NULL,
    weight numeric(6,2) NOT NULL,
    notes text,
    cattle_id bigint NOT NULL
);


ALTER TABLE public.cattle_tracker_app_weightlog OWNER TO cattle_user;

--
-- Name: cattle_tracker_app_weightlog_id_seq; Type: SEQUENCE; Schema: public; Owner: cattle_user
--

ALTER TABLE public.cattle_tracker_app_weightlog ALTER COLUMN id ADD GENERATED BY DEFAULT AS IDENTITY (
    SEQUENCE NAME public.cattle_tracker_app_weightlog_id_seq
    START WITH 1
    INCREMENT BY 1
    NO MINVALUE
    NO MAXVALUE
    CACHE 1
);


--
-- Name: cattle_tracker_breedinghistory; Type: TABLE; Schema: public; Owner: cattle_user
--

CREATE TABLE public.cattle_tracker_breedinghistory (
    id bigint NOT NULL,
    breeding_date date NOT NULL,
    pregnancy_confirmation_date date,
    expected_calving_date date,
    calving_outcome character varying(20),
    bull_id bigint,
    cow_id bigint NOT NULL,
    offspring_id bigint
);


ALTER TABLE public.cattle_tracker_breedinghistory OWNER TO cattle_user;

--
-- Name: cattle_tracker_breedinghistory_id_seq; Type: SEQUENCE; Schema: public; Owner: cattle_user
--

ALTER TABLE public.cattle_tracker_breedinghistory ALTER COLUMN id ADD GENERATED BY DEFAULT AS IDENTITY (
    SEQUENCE NAME public.cattle_tracker_breedinghistory_id_seq
    START WITH 1
    INCREMENT BY 1
    NO MINVALUE
    NO MAXVALUE
    CACHE 1
);


--
-- Name: cattle_tracker_breedingrecord; Type: TABLE; Schema: public; Owner: cattle_user
--

CREATE TABLE public.cattle_tracker_breedingrecord (
    id bigint NOT NULL,
    breeding_date date NOT NULL,
    method character varying(10) NOT NULL,
    notes text,
    bull_id bigint,
    cow_id bigint NOT NULL
);


ALTER TABLE public.cattle_tracker_breedingrecord OWNER TO cattle_user;

--
-- Name: cattle_tracker_breedingrecord_id_seq; Type: SEQUENCE; Schema: public; Owner: cattle_user
--

ALTER TABLE public.cattle_tracker_breedingrecord ALTER COLUMN id ADD GENERATED BY DEFAULT AS IDENTITY (
    SEQUENCE NAME public.cattle_tracker_breedingrecord_id_seq
    START WITH 1
    INCREMENT BY 1
    NO MINVALUE
    NO MAXVALUE
    CACHE 1
);


--
-- Name: cattle_tracker_calvingrecord; Type: TABLE; Schema: public; Owner: cattle_user
--

CREATE TABLE public.cattle_tracker_calvingrecord (
    id bigint NOT NULL,
    birth_date date NOT NULL,
    birth_weight numeric(5,2),
    health_notes text,
    calf_id bigint NOT NULL,
    dam_id bigint NOT NULL,
    sire_id bigint
);


ALTER TABLE public.cattle_tracker_calvingrecord OWNER TO cattle_user;

--
-- Name: cattle_tracker_calvingrecord_id_seq; Type: SEQUENCE; Schema: public; Owner: cattle_user
--

ALTER TABLE public.cattle_tracker_calvingrecord ALTER COLUMN id ADD GENERATED BY DEFAULT AS IDENTITY (
    SEQUENCE NAME public.cattle_tracker_calvingrecord_id_seq
    START WITH 1
    INCREMENT BY 1
    NO MINVALUE
    NO MAXVALUE
    CACHE 1
);


--
-- Name: cattle_tracker_cattle; Type: TABLE; Schema: public; Owner: cattle_user
--

CREATE TABLE public.cattle_tracker_cattle (
    id bigint NOT NULL,
    ear_tag character varying(20) NOT NULL,
    dob date NOT NULL,
    sex character varying(6) NOT NULL,
    breed character varying(50) NOT NULL,
    purchase_date date,
    sale_date date,
    status character varying(10) NOT NULL,
    dam_id bigint,
    sire_id bigint
);


ALTER TABLE public.cattle_tracker_cattle OWNER TO cattle_user;

--
-- Name: cattle_tracker_cattle_id_seq; Type: SEQUENCE; Schema: public; Owner: cattle_user
--

ALTER TABLE public.cattle_tracker_cattle ALTER COLUMN id ADD GENERATED BY DEFAULT AS IDENTITY (
    SEQUENCE NAME public.cattle_tracker_cattle_id_seq
    START WITH 1
    INCREMENT BY 1
    NO MINVALUE
    NO MAXVALUE
    CACHE 1
);


--
-- Name: cattle_tracker_healthrecord; Type: TABLE; Schema: public; Owner: cattle_user
--

CREATE TABLE public.cattle_tracker_healthrecord (
    id bigint NOT NULL,
    record_date date NOT NULL,
    weight numeric(6,2) NOT NULL,
    temperature numeric(4,2),
    notes text,
    cattle_id bigint NOT NULL
);


ALTER TABLE public.cattle_tracker_healthrecord OWNER TO cattle_user;

--
-- Name: cattle_tracker_healthrecord_id_seq; Type: SEQUENCE; Schema: public; Owner: cattle_user
--

ALTER TABLE public.cattle_tracker_healthrecord ALTER COLUMN id ADD GENERATED BY DEFAULT AS IDENTITY (
    SEQUENCE NAME public.cattle_tracker_healthrecord_id_seq
    START WITH 1
    INCREMENT BY 1
    NO MINVALUE
    NO MAXVALUE
    CACHE 1
);


--
-- Name: cattle_tracker_illnessrecord; Type: TABLE; Schema: public; Owner: cattle_user
--

CREATE TABLE public.cattle_tracker_illnessrecord (
    id bigint NOT NULL,
    illness_name character varying(100) NOT NULL,
    diagnosis_date date NOT NULL,
    treatment text,
    recovery_status character varying(10) NOT NULL,
    cattle_id bigint NOT NULL
);


ALTER TABLE public.cattle_tracker_illnessrecord OWNER TO cattle_user;

--
-- Name: cattle_tracker_illnessrecord_id_seq; Type: SEQUENCE; Schema: public; Owner: cattle_user
--

ALTER TABLE public.cattle_tracker_illnessrecord ALTER COLUMN id ADD GENERATED BY DEFAULT AS IDENTITY (
    SEQUENCE NAME public.cattle_tracker_illnessrecord_id_seq
    START WITH 1
    INCREMENT BY 1
    NO MINVALUE
    NO MAXVALUE
    CACHE 1
);


--
-- Name: cattle_tracker_pregnancyrecord; Type: TABLE; Schema: public; Owner: cattle_user
--

CREATE TABLE public.cattle_tracker_pregnancyrecord (
    id bigint NOT NULL,
    pregnancy_confirmed boolean NOT NULL,
    expected_due_date date,
    pregnancy_status character varying(12) NOT NULL,
    notes text,
    breeding_record_id bigint NOT NULL,
    cow_id bigint NOT NULL
);


ALTER TABLE public.cattle_tracker_pregnancyrecord OWNER TO cattle_user;

--
-- Name: cattle_tracker_pregnancyrecord_id_seq; Type: SEQUENCE; Schema: public; Owner: cattle_user
--

ALTER TABLE public.cattle_tracker_pregnancyrecord ALTER COLUMN id ADD GENERATED BY DEFAULT AS IDENTITY (
    SEQUENCE NAME public.cattle_tracker_pregnancyrecord_id_seq
    START WITH 1
    INCREMENT BY 1
    NO MINVALUE
    NO MAXVALUE
    CACHE 1
);


--
-- Name: cattle_tracker_vaccinationrecord; Type: TABLE; Schema: public; Owner: cattle_user
--

CREATE TABLE public.cattle_tracker_vaccinationrecord (
    id bigint NOT NULL,
    vaccine_name character varying(100) NOT NULL,
    date_given date NOT NULL,
    next_due date,
    cattle_id bigint NOT NULL
);


ALTER TABLE public.cattle_tracker_vaccinationrecord OWNER TO cattle_user;

--
-- Name: cattle_tracker_vaccinationrecord_id_seq; Type: SEQUENCE; Schema: public; Owner: cattle_user
--

ALTER TABLE public.cattle_tracker_vaccinationrecord ALTER COLUMN id ADD GENERATED BY DEFAULT AS IDENTITY (
    SEQUENCE NAME public.cattle_tracker_vaccinationrecord_id_seq
    START WITH 1
    INCREMENT BY 1
    NO MINVALUE
    NO MAXVALUE
    CACHE 1
);


--
-- Name: django_admin_log; Type: TABLE; Schema: public; Owner: cattle_user
--

CREATE TABLE public.django_admin_log (
    id integer NOT NULL,
    action_time timestamp with time zone NOT NULL,
    object_id text,
    object_repr character varying(200) NOT NULL,
    action_flag smallint NOT NULL,
    change_message text NOT NULL,
    content_type_id integer,
    user_id integer NOT NULL,
    CONSTRAINT django_admin_log_action_flag_check CHECK ((action_flag >= 0))
);


ALTER TABLE public.django_admin_log OWNER TO cattle_user;

--
-- Name: django_admin_log_id_seq; Type: SEQUENCE; Schema: public; Owner: cattle_user
--

ALTER TABLE public.django_admin_log ALTER COLUMN id ADD GENERATED BY DEFAULT AS IDENTITY (
    SEQUENCE NAME public.django_admin_log_id_seq
    START WITH 1
    INCREMENT BY 1
    NO MINVALUE
    NO MAXVALUE
    CACHE 1
);


--
-- Name: django_celery_beat_clockedschedule; Type: TABLE; Schema: public; Owner: cattle_user
--

CREATE TABLE public.django_celery_beat_clockedschedule (
    id integer NOT NULL,
    clocked_time timestamp with time zone NOT NULL
);


ALTER TABLE public.django_celery_beat_clockedschedule OWNER TO cattle_user;

--
-- Name: django_celery_beat_clockedschedule_id_seq; Type: SEQUENCE; Schema: public; Owner: cattle_user
--

ALTER TABLE public.django_celery_beat_clockedschedule ALTER COLUMN id ADD GENERATED BY DEFAULT AS IDENTITY (
    SEQUENCE NAME public.django_celery_beat_clockedschedule_id_seq
    START WITH 1
    INCREMENT BY 1
    NO MINVALUE
    NO MAXVALUE
    CACHE 1
);


--
-- Name: django_celery_beat_crontabschedule; Type: TABLE; Schema: public; Owner: cattle_user
--

CREATE TABLE public.django_celery_beat_crontabschedule (
    id integer NOT NULL,
    minute character varying(240) NOT NULL,
    hour character varying(96) NOT NULL,
    day_of_week character varying(64) NOT NULL,
    day_of_month character varying(124) NOT NULL,
    month_of_year character varying(64) NOT NULL,
    timezone character varying(63) NOT NULL
);


ALTER TABLE public.django_celery_beat_crontabschedule OWNER TO cattle_user;

--
-- Name: django_celery_beat_crontabschedule_id_seq; Type: SEQUENCE; Schema: public; Owner: cattle_user
--

ALTER TABLE public.django_celery_beat_crontabschedule ALTER COLUMN id ADD GENERATED BY DEFAULT AS IDENTITY (
    SEQUENCE NAME public.django_celery_beat_crontabschedule_id_seq
    START WITH 1
    INCREMENT BY 1
    NO MINVALUE
    NO MAXVALUE
    CACHE 1
);


--
-- Name: django_celery_beat_intervalschedule; Type: TABLE; Schema: public; Owner: cattle_user
--

CREATE TABLE public.django_celery_beat_intervalschedule (
    id integer NOT NULL,
    every integer NOT NULL,
    period character varying(24) NOT NULL
);


ALTER TABLE public.django_celery_beat_intervalschedule OWNER TO cattle_user;

--
-- Name: django_celery_beat_intervalschedule_id_seq; Type: SEQUENCE; Schema: public; Owner: cattle_user
--

ALTER TABLE public.django_celery_beat_intervalschedule ALTER COLUMN id ADD GENERATED BY DEFAULT AS IDENTITY (
    SEQUENCE NAME public.django_celery_beat_intervalschedule_id_seq
    START WITH 1
    INCREMENT BY 1
    NO MINVALUE
    NO MAXVALUE
    CACHE 1
);


--
-- Name: django_celery_beat_periodictask; Type: TABLE; Schema: public; Owner: cattle_user
--

CREATE TABLE public.django_celery_beat_periodictask (
    id integer NOT NULL,
    name character varying(200) NOT NULL,
    task character varying(200) NOT NULL,
    args text NOT NULL,
    kwargs text NOT NULL,
    queue character varying(200),
    exchange character varying(200),
    routing_key character varying(200),
    expires timestamp with time zone,
    enabled boolean NOT NULL,
    last_run_at timestamp with time zone,
    total_run_count integer NOT NULL,
    date_changed timestamp with time zone NOT NULL,
    description text NOT NULL,
    crontab_id integer,
    interval_id integer,
    solar_id integer,
    one_off boolean NOT NULL,
    start_time timestamp with time zone,
    priority integer,
    headers text NOT NULL,
    clocked_id integer,
    expire_seconds integer,
    CONSTRAINT django_celery_beat_periodictask_expire_seconds_check CHECK ((expire_seconds >= 0)),
    CONSTRAINT django_celery_beat_periodictask_priority_check CHECK ((priority >= 0)),
    CONSTRAINT django_celery_beat_periodictask_total_run_count_check CHECK ((total_run_count >= 0))
);


ALTER TABLE public.django_celery_beat_periodictask OWNER TO cattle_user;

--
-- Name: django_celery_beat_periodictask_id_seq; Type: SEQUENCE; Schema: public; Owner: cattle_user
--

ALTER TABLE public.django_celery_beat_periodictask ALTER COLUMN id ADD GENERATED BY DEFAULT AS IDENTITY (
    SEQUENCE NAME public.django_celery_beat_periodictask_id_seq
    START WITH 1
    INCREMENT BY 1
    NO MINVALUE
    NO MAXVALUE
    CACHE 1
);


--
-- Name: django_celery_beat_periodictasks; Type: TABLE; Schema: public; Owner: cattle_user
--

CREATE TABLE public.django_celery_beat_periodictasks (
    ident smallint NOT NULL,
    last_update timestamp with time zone NOT NULL
);


ALTER TABLE public.django_celery_beat_periodictasks OWNER TO cattle_user;

--
-- Name: django_celery_beat_solarschedule; Type: TABLE; Schema: public; Owner: cattle_user
--

CREATE TABLE public.django_celery_beat_solarschedule (
    id integer NOT NULL,
    event character varying(24) NOT NULL,
    latitude numeric(9,6) NOT NULL,
    longitude numeric(9,6) NOT NULL
);


ALTER TABLE public.django_celery_beat_solarschedule OWNER TO cattle_user;

--
-- Name: django_celery_beat_solarschedule_id_seq; Type: SEQUENCE; Schema: public; Owner: cattle_user
--

ALTER TABLE public.django_celery_beat_solarschedule ALTER COLUMN id ADD GENERATED BY DEFAULT AS IDENTITY (
    SEQUENCE NAME public.django_celery_beat_solarschedule_id_seq
    START WITH 1
    INCREMENT BY 1
    NO MINVALUE
    NO MAXVALUE
    CACHE 1
);


--
-- Name: django_content_type; Type: TABLE; Schema: public; Owner: cattle_user
--

CREATE TABLE public.django_content_type (
    id integer NOT NULL,
    app_label character varying(100) NOT NULL,
    model character varying(100) NOT NULL
);


ALTER TABLE public.django_content_type OWNER TO cattle_user;

--
-- Name: django_content_type_id_seq; Type: SEQUENCE; Schema: public; Owner: cattle_user
--

ALTER TABLE public.django_content_type ALTER COLUMN id ADD GENERATED BY DEFAULT AS IDENTITY (
    SEQUENCE NAME public.django_content_type_id_seq
    START WITH 1
    INCREMENT BY 1
    NO MINVALUE
    NO MAXVALUE
    CACHE 1
);


--
-- Name: django_migrations; Type: TABLE; Schema: public; Owner: cattle_user
--

CREATE TABLE public.django_migrations (
    id bigint NOT NULL,
    app character varying(255) NOT NULL,
    name character varying(255) NOT NULL,
    applied timestamp with time zone NOT NULL
);


ALTER TABLE public.django_migrations OWNER TO cattle_user;

--
-- Name: django_migrations_id_seq; Type: SEQUENCE; Schema: public; Owner: cattle_user
--

ALTER TABLE public.django_migrations ALTER COLUMN id ADD GENERATED BY DEFAULT AS IDENTITY (
    SEQUENCE NAME public.django_migrations_id_seq
    START WITH 1
    INCREMENT BY 1
    NO MINVALUE
    NO MAXVALUE
    CACHE 1
);


--
-- Name: django_session; Type: TABLE; Schema: public; Owner: cattle_user
--

CREATE TABLE public.django_session (
    session_key character varying(40) NOT NULL,
    session_data text NOT NULL,
    expire_date timestamp with time zone NOT NULL
);


ALTER TABLE public.django_session OWNER TO cattle_user;

--
-- Data for Name: auth_group; Type: TABLE DATA; Schema: public; Owner: cattle_user
--

COPY public.auth_group (id, name) FROM stdin;
2	Managers
3	Ranch Hand
1	Veterinarians
4	Owners
5	Admin
6	Dev
\.


--
-- Data for Name: auth_group_permissions; Type: TABLE DATA; Schema: public; Owner: cattle_user
--

COPY public.auth_group_permissions (id, group_id, permission_id) FROM stdin;
\.


--
-- Data for Name: auth_permission; Type: TABLE DATA; Schema: public; Owner: cattle_user
--

COPY public.auth_permission (id, name, content_type_id, codename) FROM stdin;
1	Can add log entry	1	add_logentry
2	Can change log entry	1	change_logentry
3	Can delete log entry	1	delete_logentry
4	Can view log entry	1	view_logentry
5	Can add permission	2	add_permission
6	Can change permission	2	change_permission
7	Can delete permission	2	delete_permission
8	Can view permission	2	view_permission
9	Can add group	3	add_group
10	Can change group	3	change_group
11	Can delete group	3	delete_group
12	Can view group	3	view_group
13	Can add user	4	add_user
14	Can change user	4	change_user
15	Can delete user	4	delete_user
16	Can view user	4	view_user
17	Can add content type	5	add_contenttype
18	Can change content type	5	change_contenttype
19	Can delete content type	5	delete_contenttype
20	Can view content type	5	view_contenttype
21	Can add session	6	add_session
22	Can change session	6	change_session
23	Can delete session	6	delete_session
24	Can view session	6	view_session
25	Can add vaccination record	7	add_vaccinationrecord
26	Can change vaccination record	7	change_vaccinationrecord
27	Can delete vaccination record	7	delete_vaccinationrecord
28	Can view vaccination record	7	view_vaccinationrecord
29	Can add health record	8	add_healthrecord
30	Can change health record	8	change_healthrecord
31	Can delete health record	8	delete_healthrecord
32	Can view health record	8	view_healthrecord
33	Can add cattle	9	add_cattle
34	Can change cattle	9	change_cattle
35	Can delete cattle	9	delete_cattle
36	Can view cattle	9	view_cattle
37	Can add illness record	10	add_illnessrecord
38	Can change illness record	10	change_illnessrecord
39	Can delete illness record	10	delete_illnessrecord
40	Can view illness record	10	view_illnessrecord
41	Can add breeding record	11	add_breedingrecord
42	Can change breeding record	11	change_breedingrecord
43	Can delete breeding record	11	delete_breedingrecord
44	Can view breeding record	11	view_breedingrecord
45	Can add calving record	12	add_calvingrecord
46	Can change calving record	12	change_calvingrecord
47	Can delete calving record	12	delete_calvingrecord
48	Can view calving record	12	view_calvingrecord
49	Can add pregnancy record	13	add_pregnancyrecord
50	Can change pregnancy record	13	change_pregnancyrecord
51	Can delete pregnancy record	13	delete_pregnancyrecord
52	Can view pregnancy record	13	view_pregnancyrecord
53	Can add alert	14	add_alert
54	Can change alert	14	change_alert
55	Can delete alert	14	delete_alert
56	Can view alert	14	view_alert
57	Can add alert	15	add_alert
58	Can change alert	15	change_alert
59	Can delete alert	15	delete_alert
60	Can view alert	15	view_alert
61	Can add breeding record	16	add_breedingrecord
62	Can change breeding record	16	change_breedingrecord
63	Can delete breeding record	16	delete_breedingrecord
64	Can view breeding record	16	view_breedingrecord
65	Can add health record	17	add_healthrecord
66	Can change health record	17	change_healthrecord
67	Can delete health record	17	delete_healthrecord
68	Can view health record	17	view_healthrecord
69	Can add illness record	18	add_illnessrecord
70	Can change illness record	18	change_illnessrecord
71	Can delete illness record	18	delete_illnessrecord
72	Can view illness record	18	view_illnessrecord
73	Can add vaccination record	19	add_vaccinationrecord
74	Can change vaccination record	19	change_vaccinationrecord
75	Can delete vaccination record	19	delete_vaccinationrecord
76	Can view vaccination record	19	view_vaccinationrecord
77	Can add pregnancy record	20	add_pregnancyrecord
78	Can change pregnancy record	20	change_pregnancyrecord
79	Can delete pregnancy record	20	delete_pregnancyrecord
80	Can view pregnancy record	20	view_pregnancyrecord
81	Can add calving record	21	add_calvingrecord
82	Can change calving record	21	change_calvingrecord
83	Can delete calving record	21	delete_calvingrecord
84	Can view calving record	21	view_calvingrecord
85	Can add cattle	22	add_cattle
86	Can change cattle	22	change_cattle
87	Can delete cattle	22	delete_cattle
88	Can view cattle	22	view_cattle
89	Can add breeding history	23	add_breedinghistory
90	Can change breeding history	23	change_breedinghistory
91	Can delete breeding history	23	delete_breedinghistory
92	Can view breeding history	23	view_breedinghistory
93	Can add crontab	24	add_crontabschedule
94	Can change crontab	24	change_crontabschedule
95	Can delete crontab	24	delete_crontabschedule
96	Can view crontab	24	view_crontabschedule
97	Can add interval	25	add_intervalschedule
98	Can change interval	25	change_intervalschedule
99	Can delete interval	25	delete_intervalschedule
100	Can view interval	25	view_intervalschedule
101	Can add periodic task	26	add_periodictask
102	Can change periodic task	26	change_periodictask
103	Can delete periodic task	26	delete_periodictask
104	Can view periodic task	26	view_periodictask
105	Can add periodic task track	27	add_periodictasks
106	Can change periodic task track	27	change_periodictasks
107	Can delete periodic task track	27	delete_periodictasks
108	Can view periodic task track	27	view_periodictasks
109	Can add solar event	28	add_solarschedule
110	Can change solar event	28	change_solarschedule
111	Can delete solar event	28	delete_solarschedule
112	Can view solar event	28	view_solarschedule
113	Can add clocked	29	add_clockedschedule
114	Can change clocked	29	change_clockedschedule
115	Can delete clocked	29	delete_clockedschedule
116	Can view clocked	29	view_clockedschedule
117	Can add breeding history	30	add_breedinghistory
118	Can change breeding history	30	change_breedinghistory
119	Can delete breeding history	30	delete_breedinghistory
120	Can view breeding history	30	view_breedinghistory
121	Can add import log	31	add_importlog
122	Can change import log	31	change_importlog
123	Can delete import log	31	delete_importlog
124	Can view import log	31	view_importlog
125	Can add weight log	32	add_weightlog
126	Can change weight log	32	change_weightlog
127	Can delete weight log	32	delete_weightlog
128	Can view weight log	32	view_weightlog
129	Can add owner	33	add_owner
130	Can change owner	33	change_owner
131	Can delete owner	33	delete_owner
132	Can view owner	33	view_owner
133	Can add owner user access	34	add_owneruseraccess
134	Can change owner user access	34	change_owneruseraccess
135	Can delete owner user access	34	delete_owneruseraccess
136	Can view owner user access	34	view_owneruseraccess
137	Can add herd sire	35	add_herdsire
138	Can change herd sire	35	change_herdsire
139	Can delete herd sire	35	delete_herdsire
140	Can view herd sire	35	view_herdsire
141	Can add Turnout Group	36	add_turnoutgroup
142	Can change Turnout Group	36	change_turnoutgroup
143	Can delete Turnout Group	36	delete_turnoutgroup
144	Can view Turnout Group	36	view_turnoutgroup
145	Can add leased bull	37	add_leasedbull
146	Can change leased bull	37	change_leasedbull
147	Can delete leased bull	37	delete_leasedbull
148	Can view leased bull	37	view_leasedbull
149	Can add pasture	38	add_pasture
150	Can change pasture	38	change_pasture
151	Can delete pasture	38	delete_pasture
152	Can view pasture	38	view_pasture
153	Can add paddock	39	add_paddock
154	Can change paddock	39	change_paddock
155	Can delete paddock	39	delete_paddock
156	Can view paddock	39	view_paddock
\.


--
-- Data for Name: auth_user; Type: TABLE DATA; Schema: public; Owner: cattle_user
--

COPY public.auth_user (id, password, last_login, is_superuser, username, first_name, last_name, email, is_staff, is_active, date_joined) FROM stdin;
1	pbkdf2_sha256$870000$ZaY2tZdMwfJ21DA1xgqEtO$qjBj4y5Fm7S4hvVA+/pkdHRoMtxv2u/r26A5iHP6UyM=	2025-05-10 22:26:23.761091+00	t	tsmith	Travis	Smith	smithhome903@gmail.com	t	t	2025-03-31 13:24:42+00
2	pbkdf2_sha256$870000$SEIphUmdJZZ8oRk8CxwD8Y$iKH7R98XtoMca0E6SRSdmCi0Y43OHWJbcs+V2Rtcgak=	2025-04-06 07:26:34.688484+00	f	evan	Evan	Smith		f	t	2025-04-03 23:20:07+00
3	pbkdf2_sha256$870000$b92DOufBzCx7sFE3h1cykD$2K0wLHejP7eB5Bo/c6KnM5VbjUSY/MXARopdBGBhIME=	\N	f	ChuckT				f	t	2025-05-01 14:30:24.842058+00
\.


--
-- Data for Name: auth_user_groups; Type: TABLE DATA; Schema: public; Owner: cattle_user
--

COPY public.auth_user_groups (id, user_id, group_id) FROM stdin;
1	2	3
2	1	5
3	1	6
\.


--
-- Data for Name: auth_user_user_permissions; Type: TABLE DATA; Schema: public; Owner: cattle_user
--

COPY public.auth_user_user_permissions (id, user_id, permission_id) FROM stdin;
1	1	1
2	1	2
3	1	3
4	1	4
5	1	5
6	1	6
7	1	7
8	1	8
9	1	9
10	1	10
11	1	11
12	1	12
13	1	13
14	1	14
15	1	15
16	1	16
17	1	17
18	1	18
19	1	19
20	1	20
21	1	21
22	1	22
23	1	23
24	1	24
25	1	25
26	1	26
27	1	27
28	1	28
29	1	29
30	1	30
31	1	31
32	1	32
33	1	33
34	1	34
35	1	35
36	1	36
37	1	37
38	1	38
39	1	39
40	1	40
41	1	41
42	1	42
43	1	43
44	1	44
45	1	45
46	1	46
47	1	47
48	1	48
49	1	49
50	1	50
51	1	51
52	1	52
53	1	53
54	1	54
55	1	55
56	1	56
57	1	57
58	1	58
59	1	59
60	1	60
61	1	61
62	1	62
63	1	63
64	1	64
65	1	65
66	1	66
67	1	67
68	1	68
69	1	69
70	1	70
71	1	71
72	1	72
73	1	73
74	1	74
75	1	75
76	1	76
77	1	77
78	1	78
79	1	79
80	1	80
81	1	81
82	1	82
83	1	83
84	1	84
85	1	85
86	1	86
87	1	87
88	1	88
89	1	89
90	1	90
91	1	91
92	1	92
93	1	93
94	1	94
95	1	95
96	1	96
97	1	97
98	1	98
99	1	99
100	1	100
101	1	101
102	1	102
103	1	103
104	1	104
105	1	105
106	1	106
107	1	107
108	1	108
109	1	109
110	1	110
111	1	111
112	1	112
113	1	113
114	1	114
115	1	115
116	1	116
117	1	117
118	1	118
119	1	119
120	1	120
121	1	121
122	1	122
123	1	123
124	1	124
125	1	125
126	1	126
127	1	127
128	1	128
129	1	129
130	1	130
131	1	131
132	1	132
\.


--
-- Data for Name: cattle_tracker_alert; Type: TABLE DATA; Schema: public; Owner: cattle_user
--

COPY public.cattle_tracker_alert (id, alert_type, message, alert_date, resolved, cattle_id) FROM stdin;
\.


--
-- Data for Name: cattle_tracker_app_alert; Type: TABLE DATA; Schema: public; Owner: cattle_user
--

COPY public.cattle_tracker_app_alert (id, alert_type, message, alert_date, resolved, cattle_id) FROM stdin;
1	pregnancy_check	Time to check if 001 is pregnant.	2024-12-17 00:00:00+00	f	1
\.


--
-- Data for Name: cattle_tracker_app_breedinghistory; Type: TABLE DATA; Schema: public; Owner: cattle_user
--

COPY public.cattle_tracker_app_breedinghistory (id, breeding_date, pregnancy_confirmation_date, expected_calving_date, calving_outcome, bull_id, cow_id, offspring_id) FROM stdin;
\.


--
-- Data for Name: cattle_tracker_app_breedingrecord; Type: TABLE DATA; Schema: public; Owner: cattle_user
--

COPY public.cattle_tracker_app_breedingrecord (id, breeding_date, method, notes, bull_id, cow_id, herd_sire_id, cleanup_herd_sire_id, cleanup_method, cleanup_sire_id, is_leased) FROM stdin;
1	2024-11-17	ai		\N	1	\N	\N	none	\N	f
\.


--
-- Data for Name: cattle_tracker_app_calvingrecord; Type: TABLE DATA; Schema: public; Owner: cattle_user
--

COPY public.cattle_tracker_app_calvingrecord (id, birth_date, birth_weight, health_notes, calf_id, dam_id, sire_id) FROM stdin;
\.


--
-- Data for Name: cattle_tracker_app_cattle; Type: TABLE DATA; Schema: public; Owner: cattle_user
--

COPY public.cattle_tracker_app_cattle (id, ear_tag, dob, sex, breed, purchase_date, sale_date, status, dam_id, sire_id, sire_type, purchase_price, purchased_from, registration_number, sale_price, sold_to, owner_id, photo, animal_type, pregnancy_status, breeding_method, herd_sire_id, pasture_id) FROM stdin;
24	002	2019-01-01	female	Angus	\N	\N	alive	\N	\N	\N	\N	\N	\N	\N	\N	1		cow	bred	natural	\N	1
26	003	2019-01-01	female	Angus	\N	\N	alive	\N	\N	\N	\N	\N	\N	\N	\N	1		cow	bred	natural	\N	1
4	Test_bull	2022-11-01	male	Angus	\N	\N	alive	\N	\N	\N	\N	\N	\N	\N	\N	1		bull	\N	natural	\N	\N
27	021	2020-01-01	female	Red Angus	\N	\N	alive	\N	\N	\N	\N	\N	\N	\N	\N	1		heifer	bred	natural	\N	1
10	Stella	2024-05-31	female	Angus Cross	\N	\N	alive	36	\N	\N	\N	\N	\N	\N	\N	1		heifer	open	natural	\N	2
19	004	2023-04-09	female	Sim Angus	\N	\N	alive	1	\N	donor	\N	\N	\N	\N	\N	1		heifer	bred	ai	2	1
29	Black Momma Angus	2017-01-01	female	Angus	\N	\N	deceased	\N	\N	\N	\N	\N	\N	\N	\N	1		cow	\N	natural	\N	1
7	Black Baldy Mom	2020-01-01	female	Angus Cross	\N	\N	alive	\N	\N	\N	\N	\N	\N	\N	\N	4		cow	open	natural	\N	1
30	008	2022-11-04	male	Angus	\N	2024-08-08	sold	28	\N	\N	\N	\N	\N	1585.00	Durant Stockyards	1		steer	\N	natural	\N	\N
31	012	2023-06-06	male	Angus	\N	2024-08-08	sold	24	\N	\N	\N	\N	\N	1440.00	Durant Stockyards	1		steer	\N	natural	\N	\N
32	011	2023-06-06	male	Angus	\N	2024-08-08	sold	26	\N	\N	\N	\N	\N	1580.00	Durant Stockyards	1		steer	\N	natural	\N	\N
33	Black Angus Steer	2024-03-18	male	Angus	\N	2024-10-23	sold	25	\N	\N	\N	\N	\N	1000.00	Sam the Banker	1		steer	\N	natural	\N	\N
34	Red White Face	2024-03-18	male	Sim Angus	\N	2024-10-23	sold	1	\N	\N	\N	\N	\N	1000.00	Sam the Banker	1		steer	\N	natural	\N	\N
35	Black White Face	2024-04-16	male	Angus Cross	\N	2024-10-23	sold	26	\N	\N	\N	\N	\N	1000.00	Sam the Banker	1		steer	\N	natural	\N	\N
28	OG Horned Cow	2016-01-01	female	Angus	\N	2023-09-03	sold	\N	\N	\N	\N	\N	\N	900.00	Durant Stockyards	1		cow	open	natural	\N	\N
36	020	2017-01-01	female	Red Angus	\N	2024-06-06	sold	\N	\N	\N	1100.00	Durant Stockyard	\N	1148.00	Durant Stockyards	1		cow	\N	natural	\N	\N
1	001	2020-01-01	female	Simmental	2025-04-01	\N	alive	\N	\N	\N	1000.00	4D Cattle	\N	\N	\N	1		cow	bred	ai	1	1
25	005	2019-01-01	female	Angus	\N	\N	alive	\N	\N	\N	\N	\N	\N	\N	\N	1		cow	bred	natural	\N	1
9	Black Heifer	2023-09-01	female	Angus	\N	\N	alive	\N	\N	\N	\N	\N	\N	\N	\N	4		heifer	open	natural	\N	2
8	Black Baldy Heifer	2024-03-01	female	Angus Cross	\N	\N	alive	\N	\N	\N	\N	\N	\N	\N	\N	4		heifer	open	natural	\N	2
3	2502	2025-03-28	male	Angus Cross	\N	\N	alive	2	\N	leased	\N	\N	\N	\N	\N	4	cattle_photos/IMG_4524.PNG	bull	\N	natural	\N	1
2	81	2020-01-01	female	Angus	\N	\N	alive	\N	\N	\N	\N	\N	\N	\N	\N	4		cow	open	natural	\N	1
5	91	2020-01-01	female	Angus	\N	\N	alive	\N	\N	\N	\N	\N	\N	\N	\N	4		cow	open	natural	\N	1
6	Horned Cow	2022-05-01	female	UNK	\N	\N	alive	\N	\N	\N	\N	\N	\N	\N	\N	4		cow	open	natural	\N	1
\.


--
-- Data for Name: cattle_tracker_app_healthrecord; Type: TABLE DATA; Schema: public; Owner: cattle_user
--

COPY public.cattle_tracker_app_healthrecord (id, record_date, weight, temperature, notes, cattle_id) FROM stdin;
\.


--
-- Data for Name: cattle_tracker_app_illnessrecord; Type: TABLE DATA; Schema: public; Owner: cattle_user
--

COPY public.cattle_tracker_app_illnessrecord (id, illness_name, diagnosis_date, treatment, recovery_status, cattle_id) FROM stdin;
\.


--
-- Data for Name: cattle_tracker_app_importlog; Type: TABLE DATA; Schema: public; Owner: cattle_user
--

COPY public.cattle_tracker_app_importlog (id, "timestamp", filename, record_type, success_count, failure_count, error_log, imported_by_id) FROM stdin;
\.


--
-- Data for Name: cattle_tracker_app_leasedbull; Type: TABLE DATA; Schema: public; Owner: cattle_user
--

COPY public.cattle_tracker_app_leasedbull (id, ear_tag, breed, dob, lease_start, lease_end, owner_name, notes) FROM stdin;
1	23	Brangus	2018-10-01	2024-07-30	2024-09-09	Ken Dodson	
\.


--
-- Data for Name: cattle_tracker_app_owner; Type: TABLE DATA; Schema: public; Owner: cattle_user
--

COPY public.cattle_tracker_app_owner (id, name, phone, email, address, user_id) FROM stdin;
3	Quincy Oliver Cattle		\N		\N
4	Adams Cattle Co		\N		\N
5	Prairie Farmstead		\N		3
1	Legacy Land and Livestock	9034214504	smithhome903@gmail.com		1
\.


--
-- Data for Name: cattle_tracker_app_owneruseraccess; Type: TABLE DATA; Schema: public; Owner: cattle_user
--

COPY public.cattle_tracker_app_owneruseraccess (id, role, owner_id, user_id) FROM stdin;
2	manager	3	1
3	farmhand	3	2
4	manager	4	1
5	manager	1	1
6	owner	5	3
\.


--
-- Data for Name: cattle_tracker_app_pregnancyrecord; Type: TABLE DATA; Schema: public; Owner: cattle_user
--

COPY public.cattle_tracker_app_pregnancyrecord (id, pregnancy_confirmed, expected_due_date, pregnancy_status, notes, breeding_record_id, cow_id) FROM stdin;
\.


--
-- Data for Name: cattle_tracker_app_turnoutgroup_bulls; Type: TABLE DATA; Schema: public; Owner: cattle_user
--

COPY public.cattle_tracker_app_turnoutgroup_bulls (id, turnoutgroup_id, cattle_id) FROM stdin;
1	1	4
\.


--
-- Data for Name: cattle_tracker_app_turnoutgroup_cows; Type: TABLE DATA; Schema: public; Owner: cattle_user
--

COPY public.cattle_tracker_app_turnoutgroup_cows (id, turnoutgroup_id, cattle_id) FROM stdin;
1	1	9
2	1	6
\.


--
-- Data for Name: cattle_tracker_app_turnoutgroup_owners; Type: TABLE DATA; Schema: public; Owner: cattle_user
--

COPY public.cattle_tracker_app_turnoutgroup_owners (id, turnoutgroup_id, owner_id) FROM stdin;
1	1	1
\.


--
-- Data for Name: cattle_tracker_app_vaccinationrecord; Type: TABLE DATA; Schema: public; Owner: cattle_user
--

COPY public.cattle_tracker_app_vaccinationrecord (id, vaccine_name, date_given, next_due, cattle_id) FROM stdin;
\.


--
-- Data for Name: cattle_tracker_app_weightlog; Type: TABLE DATA; Schema: public; Owner: cattle_user
--

COPY public.cattle_tracker_app_weightlog (id, date, weight, notes, cattle_id) FROM stdin;
1	2025-04-03	1000.00		1
\.


--
-- Data for Name: cattle_tracker_breedinghistory; Type: TABLE DATA; Schema: public; Owner: cattle_user
--

COPY public.cattle_tracker_breedinghistory (id, breeding_date, pregnancy_confirmation_date, expected_calving_date, calving_outcome, bull_id, cow_id, offspring_id) FROM stdin;
1	2025-04-02	\N	2023-04-15	successful	2	1	\N
\.


--
-- Data for Name: cattle_tracker_breedingrecord; Type: TABLE DATA; Schema: public; Owner: cattle_user
--

COPY public.cattle_tracker_breedingrecord (id, breeding_date, method, notes, bull_id, cow_id) FROM stdin;
\.


--
-- Data for Name: cattle_tracker_calvingrecord; Type: TABLE DATA; Schema: public; Owner: cattle_user
--

COPY public.cattle_tracker_calvingrecord (id, birth_date, birth_weight, health_notes, calf_id, dam_id, sire_id) FROM stdin;
\.


--
-- Data for Name: cattle_tracker_cattle; Type: TABLE DATA; Schema: public; Owner: cattle_user
--

COPY public.cattle_tracker_cattle (id, ear_tag, dob, sex, breed, purchase_date, sale_date, status, dam_id, sire_id) FROM stdin;
2	Copper_Lad	1987-03-10	male	Red Angus	\N	\N	deceased	\N	\N
1	001	2020-01-01	female	Hereford	2023-04-01	\N	alive	\N	\N
\.


--
-- Data for Name: cattle_tracker_healthrecord; Type: TABLE DATA; Schema: public; Owner: cattle_user
--

COPY public.cattle_tracker_healthrecord (id, record_date, weight, temperature, notes, cattle_id) FROM stdin;
\.


--
-- Data for Name: cattle_tracker_illnessrecord; Type: TABLE DATA; Schema: public; Owner: cattle_user
--

COPY public.cattle_tracker_illnessrecord (id, illness_name, diagnosis_date, treatment, recovery_status, cattle_id) FROM stdin;
\.


--
-- Data for Name: cattle_tracker_pregnancyrecord; Type: TABLE DATA; Schema: public; Owner: cattle_user
--

COPY public.cattle_tracker_pregnancyrecord (id, pregnancy_confirmed, expected_due_date, pregnancy_status, notes, breeding_record_id, cow_id) FROM stdin;
\.


--
-- Data for Name: cattle_tracker_vaccinationrecord; Type: TABLE DATA; Schema: public; Owner: cattle_user
--

COPY public.cattle_tracker_vaccinationrecord (id, vaccine_name, date_given, next_due, cattle_id) FROM stdin;
\.


--
-- Data for Name: django_admin_log; Type: TABLE DATA; Schema: public; Owner: cattle_user
--

COPY public.django_admin_log (id, action_time, object_id, object_repr, action_flag, change_message, content_type_id, user_id) FROM stdin;
1	2025-04-02 21:49:37.693148+00	1	001 - Hereford (Alive)	1	[{"added": {}}]	22	1
2	2025-04-02 21:52:18.72174+00	2	Copper_Lad - Red Angus (Deceased)	1	[{"added": {}}]	22	1
3	2025-04-02 21:53:10.354666+00	1	BreedingHistory object (1)	1	[{"added": {}}]	23	1
4	2025-04-02 21:53:37.589419+00	1	001 - Hereford (Alive)	2	[]	22	1
5	2025-04-03 20:17:22.898029+00	1	001 - Hereford (Alive)	1	[{"added": {}}]	9	1
6	2025-04-03 22:23:07.436987+00	1	001 - 1000 lbs on 2025-04-03	1	[{"added": {}}]	32	1
7	2025-04-03 23:12:07.96325+00	1	Legacy Land and LIvestock	1	[{"added": {}}]	33	1
8	2025-04-03 23:12:23.32166+00	1	001 - Hereford (Alive)	2	[{"changed": {"fields": ["Owner"]}}]	9	1
9	2025-04-03 23:15:10.535257+00	1	tsmith	2	[{"changed": {"fields": ["First name", "Last name", "User permissions"]}}]	4	1
10	2025-04-03 23:20:08.385754+00	2	evan	1	[{"added": {}}]	4	1
11	2025-04-03 23:30:35.831938+00	2	Adams Cattle Co	1	[{"added": {}}]	33	1
12	2025-04-03 23:31:17.750794+00	2	81 - Angus (Alive)	1	[{"added": {}}]	9	1
13	2025-04-03 23:32:40.978608+00	3	2502 - Angus Cross (Alive)	1	[{"added": {}}]	9	1
14	2025-04-03 23:33:25.600235+00	2	Adams Cattle Co	2	[]	33	1
15	2025-04-04 19:59:38.449714+00	2	Adams Cattle Co	2	[{"added": {"name": "owner user access", "object": "tsmith \\u2192 Adams Cattle Co (manager)"}}]	33	1
16	2025-04-05 02:19:49.31504+00	3	Quincy Oliver Cattle	1	[{"added": {}}]	33	1
17	2025-04-05 02:20:07.147074+00	3	Quincy Oliver Cattle	2	[{"added": {"name": "owner user access", "object": "tsmith \\u2192 Quincy Oliver Cattle (manager)"}}]	33	1
18	2025-04-06 02:33:23.403759+00	1	veterinarians	1	[{"added": {}}]	3	1
19	2025-04-06 02:33:58.4423+00	2	Managers	1	[{"added": {}}]	3	1
20	2025-04-06 03:44:24.845502+00	3	Ranch Hand	1	[{"added": {}}]	3	1
21	2025-04-06 03:44:36.014806+00	1	Veterinarians	2	[{"changed": {"fields": ["Name"]}}]	3	1
22	2025-04-06 03:44:44.310819+00	4	Owners	1	[{"added": {}}]	3	1
23	2025-04-06 03:49:43.617803+00	2	evan	2	[{"changed": {"fields": ["Groups"]}}]	4	1
24	2025-04-06 03:50:31.166189+00	3	Quincy Oliver Cattle	2	[{"added": {"name": "owner user access", "object": "evan \\u2192 Quincy Oliver Cattle (farmhand)"}}]	33	1
25	2025-04-06 04:32:25.280895+00	5	Admin	1	[{"added": {}}]	3	1
26	2025-04-06 04:32:42.587995+00	6	Dev	1	[{"added": {}}]	3	1
27	2025-04-06 05:24:48.87639+00	1	tsmith	2	[{"changed": {"fields": ["Groups"]}}]	4	1
28	2025-04-06 05:25:46.374933+00	2	Adams Cattle Co	3		33	1
29	2025-04-06 05:32:25.00617+00	4	Adam Cattle Co	1	[{"added": {}}, {"added": {"name": "owner user access", "object": "tsmith \\u2192 Adam Cattle Co (manager)"}}]	33	1
30	2025-04-06 05:35:44.158468+00	3	2502 - Angus Cross (Alive)	2	[{"changed": {"fields": ["Owner"]}}]	9	1
31	2025-04-06 05:35:51.447898+00	2	81 - Angus (Alive)	2	[{"changed": {"fields": ["Owner"]}}]	9	1
32	2025-04-06 05:51:40.831584+00	2	evan	2	[{"changed": {"fields": ["First name", "Last name"]}}]	4	1
33	2025-04-06 16:46:09.109041+00	4	Adams Cattle Co	2	[{"changed": {"fields": ["Name"]}}]	33	1
34	2025-04-06 18:28:05.454365+00	1	Legacy Land and LIvestock	2	[{"added": {"name": "owner user access", "object": "tsmith \\u2192 Legacy Land and LIvestock (manager)"}}]	33	1
35	2025-04-06 19:36:51.398698+00	1	Baldridge Gibson (Regular)	1	[{"added": {}}]	35	1
36	2025-04-07 00:11:41.902261+00	4	Test_bull - Angus (Alive)	1	[{"added": {}}]	9	1
37	2025-04-07 17:57:50.837668+00	5	91 - Angus (Alive)	1	[{"added": {}}]	9	1
38	2025-04-07 17:58:51.863932+00	6	Horned Cow - UNK (Alive)	1	[{"added": {}}]	9	1
39	2025-04-07 18:00:08.974764+00	7	Black Baldy Mom - Angus Cross (Alive)	1	[{"added": {}}]	9	1
40	2025-04-07 18:01:02.575393+00	8	Black Baldy Heifer - Angus Cross (Alive)	1	[{"added": {}}]	9	1
41	2025-04-07 18:01:35.315536+00	9	Black Heifer - Angus (Alive)	1	[{"added": {}}]	9	1
42	2025-04-08 05:29:44.24703+00	4	Test_bull - Angus (Alive)	2	[{"changed": {"fields": ["Animal type"]}}]	9	1
43	2025-04-08 05:44:10.624156+00	9	Black Heifer - Angus (Alive)	2	[{"changed": {"fields": ["\\u2003\\u2003Sire Type"]}}]	9	1
44	2025-04-08 05:44:19.653501+00	8	Black Baldy Heifer - Angus Cross (Alive)	2	[{"changed": {"fields": ["\\u2003\\u2003Sire Type"]}}]	9	1
45	2025-04-08 05:44:29.002311+00	7	Black Baldy Mom - Angus Cross (Alive)	2	[{"changed": {"fields": ["\\u2003\\u2003Sire Type"]}}]	9	1
46	2025-04-08 05:44:37.491396+00	6	Horned Cow - UNK (Alive)	2	[{"changed": {"fields": ["\\u2003\\u2003Sire Type"]}}]	9	1
47	2025-04-08 05:44:45.755289+00	5	91 - Angus (Alive)	2	[{"changed": {"fields": ["\\u2003\\u2003Sire Type"]}}]	9	1
48	2025-04-08 05:44:57.275466+00	4	Test_bull - Angus (Alive)	2	[{"changed": {"fields": ["\\u2003\\u2003Sire Type"]}}]	9	1
49	2025-04-08 05:45:18.494359+00	3	2502 - Angus Cross (Alive)	2	[{"changed": {"fields": ["\\u2003\\u2003Sire Type"]}}]	9	1
50	2025-04-08 05:45:29.920826+00	2	81 - Angus (Alive)	2	[{"changed": {"fields": ["\\u2003\\u2003Sire Type"]}}]	9	1
51	2025-04-08 05:45:38.947687+00	1	001 - Hereford (Alive)	2	[{"changed": {"fields": ["\\u2003\\u2003Sire Type"]}}]	9	1
52	2025-04-08 05:51:16.471907+00	1	Baldridge Gibson (Regular)	2	[{"changed": {"fields": ["Cleanup method"]}}]	35	1
53	2025-04-08 05:57:50.958515+00	4	Test_bull - Angus (Alive)	2	[{"changed": {"fields": ["Animal type"]}}]	9	1
54	2025-04-08 17:45:00.942203+00	4	Test_bull - Angus (Alive)	2	[{"changed": {"fields": ["Pregnancy status"]}}]	9	1
55	2025-04-08 17:45:16.081228+00	3	2502 - Angus Cross (Alive)	2	[{"changed": {"fields": ["Pregnancy status"]}}]	9	1
56	2025-04-08 17:45:32.787712+00	1	001 - Hereford (Alive)	2	[{"changed": {"fields": ["Pregnancy status"]}}]	9	1
57	2025-04-10 02:07:14.784455+00	1	Test TurnOut 1	1	[{"added": {}}]	36	1
58	2025-04-11 02:47:48.756516+00	1	Test TurnOut 1	2	[{"changed": {"fields": ["Cows"]}}]	36	1
59	2025-04-13 16:29:51.94419+00	10	Stella - Angus Cross (Alive)	1	[{"added": {}}]	9	1
60	2025-04-13 16:33:03.690537+00	11	Red Heifer - Hereford/Angus (Alive)	1	[{"added": {}}]	9	1
61	2025-04-22 16:32:30.335546+00	1	001 - Hereford (Alive)	2	[{"changed": {"fields": ["Status"]}}]	9	1
62	2025-04-29 21:45:12.677682+00	13	test cow - Angus Cross (Alive)	2	[{"changed": {"fields": ["Owner"]}}]	9	1
63	2025-04-29 21:45:49.199453+00	13	test cow - Angus Cross (Alive)	3		9	1
64	2025-04-29 21:45:49.199487+00	12	anotherTest - Angus (Alive)	3		9	1
65	2025-05-01 14:30:25.387589+00	3	ChuckT	1	[{"added": {}}]	4	1
66	2025-05-01 14:31:25.689154+00	5	Prairie Farmstead	1	[{"added": {}}, {"added": {"name": "owner user access", "object": "ChuckT \\u2192 Prairie Farmstead (owner)"}}]	33	1
67	2025-05-01 17:03:09.042654+00	6	Bulls For Lease	1	[{"added": {}}, {"added": {"name": "owner user access", "object": "tsmith \\u2192 Bulls For Lease (manager)"}}]	33	1
68	2025-05-01 17:06:43.519138+00	18	23 - Brangus (Alive)	1	[{"added": {}}]	9	1
69	2025-05-01 17:07:24.542201+00	19	004 - Sim Angus (Alive)	1	[{"added": {}}]	9	1
70	2025-05-01 17:10:25.813648+00	1	001 - Simmental (Alive)	2	[{"changed": {"fields": ["Breed"]}}]	9	1
71	2025-05-01 18:35:44.710798+00	1	23 (Brangus)	1	[{"added": {}}]	37	1
72	2025-05-01 18:35:57.415688+00	18	23 - Brangus (Alive)	3		9	1
73	2025-05-02 17:20:12.991303+00	6	Bulls For Lease	3		33	1
74	2025-05-06 03:58:25.878703+00	2	Copper Lad (Regular)	1	[{"added": {}}]	35	1
75	2025-05-06 04:57:12.674924+00	36	Red Barn Cow - Red Angus (Sold)	2	[{"changed": {"fields": ["Purchase price", "Sale date", "Sale price"]}}]	9	1
76	2025-05-06 15:49:28.343923+00	1	Legacy Land and Livestock	2	[{"changed": {"fields": ["Name"]}}]	33	1
77	2025-05-08 22:39:57.802029+00	1	Olivers	1	[{"added": {}}]	38	1
78	2025-05-08 22:41:28.018992+00	2	Lloyds	1	[{"added": {}}]	38	1
\.


--
-- Data for Name: django_celery_beat_clockedschedule; Type: TABLE DATA; Schema: public; Owner: cattle_user
--

COPY public.django_celery_beat_clockedschedule (id, clocked_time) FROM stdin;
\.


--
-- Data for Name: django_celery_beat_crontabschedule; Type: TABLE DATA; Schema: public; Owner: cattle_user
--

COPY public.django_celery_beat_crontabschedule (id, minute, hour, day_of_week, day_of_month, month_of_year, timezone) FROM stdin;
\.


--
-- Data for Name: django_celery_beat_intervalschedule; Type: TABLE DATA; Schema: public; Owner: cattle_user
--

COPY public.django_celery_beat_intervalschedule (id, every, period) FROM stdin;
1	24	hours
2	6	hours
\.


--
-- Data for Name: django_celery_beat_periodictask; Type: TABLE DATA; Schema: public; Owner: cattle_user
--

COPY public.django_celery_beat_periodictask (id, name, task, args, kwargs, queue, exchange, routing_key, expires, enabled, last_run_at, total_run_count, date_changed, description, crontab_id, interval_id, solar_id, one_off, start_time, priority, headers, clocked_id, expire_seconds) FROM stdin;
2	Breeding Alert Task	cattle_tracker_app.tasks.breeding_alert_task	[]	{}	\N	\N	\N	\N	t	\N	0	2025-04-02 17:19:51.221845+00		\N	2	\N	f	\N	\N	{}	\N	\N
\.


--
-- Data for Name: django_celery_beat_periodictasks; Type: TABLE DATA; Schema: public; Owner: cattle_user
--

COPY public.django_celery_beat_periodictasks (ident, last_update) FROM stdin;
1	2025-04-02 17:19:51.222632+00
\.


--
-- Data for Name: django_celery_beat_solarschedule; Type: TABLE DATA; Schema: public; Owner: cattle_user
--

COPY public.django_celery_beat_solarschedule (id, event, latitude, longitude) FROM stdin;
\.


--
-- Data for Name: django_content_type; Type: TABLE DATA; Schema: public; Owner: cattle_user
--

COPY public.django_content_type (id, app_label, model) FROM stdin;
1	admin	logentry
2	auth	permission
3	auth	group
4	auth	user
5	contenttypes	contenttype
6	sessions	session
7	cattle_tracker_app	vaccinationrecord
8	cattle_tracker_app	healthrecord
9	cattle_tracker_app	cattle
10	cattle_tracker_app	illnessrecord
11	cattle_tracker_app	breedingrecord
12	cattle_tracker_app	calvingrecord
13	cattle_tracker_app	pregnancyrecord
14	cattle_tracker_app	alert
15	cattle_tracker	alert
16	cattle_tracker	breedingrecord
17	cattle_tracker	healthrecord
18	cattle_tracker	illnessrecord
19	cattle_tracker	vaccinationrecord
20	cattle_tracker	pregnancyrecord
21	cattle_tracker	calvingrecord
22	cattle_tracker	cattle
23	cattle_tracker	breedinghistory
24	django_celery_beat	crontabschedule
25	django_celery_beat	intervalschedule
26	django_celery_beat	periodictask
27	django_celery_beat	periodictasks
28	django_celery_beat	solarschedule
29	django_celery_beat	clockedschedule
30	cattle_tracker_app	breedinghistory
31	cattle_tracker_app	importlog
32	cattle_tracker_app	weightlog
33	cattle_tracker_app	owner
34	cattle_tracker_app	owneruseraccess
35	cattle_tracker_app	herdsire
36	cattle_tracker_app	turnoutgroup
37	cattle_tracker_app	leasedbull
38	cattle_tracker_app	pasture
39	cattle_tracker_app	paddock
\.


--
-- Data for Name: django_migrations; Type: TABLE DATA; Schema: public; Owner: cattle_user
--

COPY public.django_migrations (id, app, name, applied) FROM stdin;
1	contenttypes	0001_initial	2025-03-31 13:23:28.471243+00
2	auth	0001_initial	2025-03-31 13:23:28.515468+00
3	admin	0001_initial	2025-03-31 13:23:28.532972+00
4	admin	0002_logentry_remove_auto_add	2025-03-31 13:23:28.538081+00
5	admin	0003_logentry_add_action_flag_choices	2025-03-31 13:23:28.542213+00
6	contenttypes	0002_remove_content_type_name	2025-03-31 13:23:28.550312+00
7	auth	0002_alter_permission_name_max_length	2025-03-31 13:23:28.556108+00
8	auth	0003_alter_user_email_max_length	2025-03-31 13:23:28.561297+00
9	auth	0004_alter_user_username_opts	2025-03-31 13:23:28.56559+00
10	auth	0005_alter_user_last_login_null	2025-03-31 13:23:28.570573+00
11	auth	0006_require_contenttypes_0002	2025-03-31 13:23:28.571796+00
12	auth	0007_alter_validators_add_error_messages	2025-03-31 13:23:28.576904+00
13	auth	0008_alter_user_username_max_length	2025-03-31 13:23:28.582322+00
14	auth	0009_alter_user_last_name_max_length	2025-03-31 13:23:28.588524+00
15	auth	0010_alter_group_name_max_length	2025-03-31 13:23:28.592204+00
16	auth	0011_update_proxy_permissions	2025-03-31 13:23:28.595246+00
17	auth	0012_alter_user_first_name_max_length	2025-03-31 13:23:28.598602+00
18	sessions	0001_initial	2025-03-31 13:23:28.605739+00
20	cattle_tracker_app	0002_breedingrecord_calvingrecord_pregnancyrecord	2025-03-31 18:13:31.168742+00
21	cattle_tracker_app	0003_alert	2025-03-31 18:17:49.628034+00
22	cattle_tracker	0001_initial	2025-04-02 14:07:09.393261+00
23	cattle_tracker	0002_breedingrecord_calvingrecord_pregnancyrecord	2025-04-02 14:07:09.432564+00
24	cattle_tracker	0003_alert	2025-04-02 14:07:09.443644+00
25	cattle_tracker	0004_breedinghistory	2025-04-02 14:44:27.923157+00
26	django_celery_beat	0001_initial	2025-04-02 15:13:13.3669+00
27	django_celery_beat	0002_auto_20161118_0346	2025-04-02 15:13:13.378147+00
28	django_celery_beat	0003_auto_20161209_0049	2025-04-02 15:13:13.383091+00
29	django_celery_beat	0004_auto_20170221_0000	2025-04-02 15:13:13.385878+00
30	django_celery_beat	0005_add_solarschedule_events_choices	2025-04-02 15:13:13.388006+00
31	django_celery_beat	0006_auto_20180322_0932	2025-04-02 15:13:13.408094+00
32	django_celery_beat	0007_auto_20180521_0826	2025-04-02 15:13:13.417107+00
33	django_celery_beat	0008_auto_20180914_1922	2025-04-02 15:13:13.4338+00
34	django_celery_beat	0006_auto_20180210_1226	2025-04-02 15:13:13.446781+00
35	django_celery_beat	0006_periodictask_priority	2025-04-02 15:13:13.452486+00
36	django_celery_beat	0009_periodictask_headers	2025-04-02 15:13:13.459333+00
37	django_celery_beat	0010_auto_20190429_0326	2025-04-02 15:13:13.576511+00
38	django_celery_beat	0011_auto_20190508_0153	2025-04-02 15:13:13.58687+00
39	django_celery_beat	0012_periodictask_expire_seconds	2025-04-02 15:13:13.592807+00
40	django_celery_beat	0013_auto_20200609_0727	2025-04-02 15:13:13.59789+00
41	django_celery_beat	0014_remove_clockedschedule_enabled	2025-04-02 15:13:13.60016+00
42	django_celery_beat	0015_edit_solarschedule_events_choices	2025-04-02 15:13:13.602668+00
43	django_celery_beat	0016_alter_crontabschedule_timezone	2025-04-02 15:13:13.608548+00
44	django_celery_beat	0017_alter_crontabschedule_month_of_year	2025-04-02 15:13:13.613549+00
45	django_celery_beat	0018_improve_crontab_helptext	2025-04-02 15:13:13.619967+00
46	django_celery_beat	0019_alter_periodictasks_options	2025-04-02 15:13:13.621895+00
47	cattle_tracker	0005_alter_breedinghistory_breeding_date	2025-04-02 17:19:07.529384+00
48	cattle_tracker	0006_alter_breedinghistory_breeding_date	2025-04-02 21:08:15.927587+00
49	cattle_tracker_app	0004_breedinghistory	2025-04-03 15:32:39.255362+00
50	cattle_tracker_app	0002_cattle_sire_type_alter_breedinghistory_breeding_date	2025-04-03 17:44:19.892935+00
51	cattle_tracker_app	0003_alter_breedinghistory_breeding_date	2025-04-03 17:45:45.807089+00
52	cattle_tracker_app	0004_alter_breedinghistory_breeding_date_importlog	2025-04-03 18:36:02.455061+00
53	cattle_tracker_app	0005_cattle_purchase_price_cattle_purchased_from_and_more	2025-04-03 19:30:00.421539+00
54	cattle_tracker_app	0006_alter_breedinghistory_breeding_date_weightlog	2025-04-03 22:14:30.07+00
55	cattle_tracker_app	0007_cattle_owner_alter_breedinghistory_breeding_date	2025-04-03 22:32:18.218707+00
56	cattle_tracker_app	0008_alter_breedinghistory_breeding_date_owner	2025-04-03 22:43:12.702442+00
57	cattle_tracker_app	0009_alter_breedinghistory_breeding_date_and_more	2025-04-03 23:23:47.963302+00
58	cattle_tracker_app	0010_alter_breedinghistory_breeding_date	2025-04-04 00:17:45.36926+00
59	cattle_tracker_app	0011_alter_breedinghistory_breeding_date	2025-04-05 02:37:55.823108+00
60	cattle_tracker_app	0012_alter_owner_name	2025-04-05 02:50:27.119401+00
61	cattle_tracker_app	0002_cattle_photo	2025-04-06 15:55:00.678312+00
62	cattle_tracker_app	0003_alter_cattle_photo	2025-04-06 16:39:14.36436+00
63	cattle_tracker_app	0004_alter_cattle_photo	2025-04-06 16:45:07.982515+00
64	cattle_tracker_app	0005_cattle_animal_type	2025-04-06 18:14:14.075522+00
65	cattle_tracker_app	0006_herdsire_alter_breedingrecord_method_and_more	2025-04-06 19:30:03.997436+00
66	cattle_tracker_app	0007_breedingrecord_cleanup_herd_sire_and_more	2025-04-06 19:59:45.712122+00
67	cattle_tracker_app	0008_alter_breedingrecord_cleanup_herd_sire_and_more	2025-04-08 05:44:06.132665+00
68	cattle_tracker_app	0009_cattle_pregnancy_status	2025-04-08 17:42:45.707846+00
69	cattle_tracker_app	0010_alter_cattle_pregnancy_status	2025-04-08 17:44:46.679756+00
70	cattle_tracker_app	0011_turnoutgroup	2025-04-08 21:30:15.363454+00
71	cattle_tracker_app	0012_rename_turn_in_turnoutgroup_turn_in_date_and_more	2025-04-08 22:23:18.197455+00
72	cattle_tracker_app	0013_cattle_breeding_method_cattle_herd_sire_and_more	2025-04-13 17:35:46.548791+00
73	cattle_tracker_app	0014_alter_cattle_breeding_method	2025-04-13 18:18:47.541912+00
74	cattle_tracker_app	0015_alter_cattle_herd_sire	2025-04-15 23:59:47.092621+00
75	cattle_tracker_app	0016_alter_cattle_herd_sire	2025-04-16 04:15:38.847001+00
76	cattle_tracker_app	0017_alter_cattle_breeding_method	2025-04-22 15:47:42.43605+00
77	cattle_tracker_app	0018_leasedbull	2025-05-01 18:21:19.162539+00
78	cattle_tracker_app	0019_cattle_sale_date	2025-05-06 04:38:15.782068+00
79	cattle_tracker_app	0020_rename_sale_date_cattle_sold_date	2025-05-06 04:38:15.785628+00
80	cattle_tracker_app	0021_rename_sold_date_cattle_sale_date	2025-05-06 04:38:15.786456+00
81	cattle_tracker_app	0022_remove_cattle_sale_date	2025-05-06 04:38:15.787236+00
82	cattle_tracker_app	0020_pasture_cattle_pasture	2025-05-08 22:07:16.393587+00
83	cattle_tracker_app	0021_paddock_remove_pasture_description_and_more	2025-05-09 14:42:31.985531+00
84	cattle_tracker_app	0022_paddock_acres_paddock_pasture_pasture_acres_and_more	2025-05-09 16:19:31.27603+00
85	cattle_tracker_app	0023_paddock_boundary	2025-05-10 22:07:26.864807+00
86	cattle_tracker_app	0024_alter_paddock_options_remove_paddock_geometry_and_more	2025-05-11 01:12:36.851332+00
87	cattle_tracker_app	0025_paddock_owner	2025-05-11 03:36:43.393946+00
88	cattle_tracker_app	0026_pasture_boundary_pasture_total_size_acres	2025-05-11 21:05:34.671545+00
89	cattle_tracker_app	0001_initial	2025-05-12 05:25:04.981678+00
90	cattle_tracker_app	0002_paddock	2025-05-12 05:25:04.986105+00
\.


--
-- Data for Name: django_session; Type: TABLE DATA; Schema: public; Owner: cattle_user
--

COPY public.django_session (session_key, session_data, expire_date) FROM stdin;
8kthvrwdam5mglpfflk5ahzjzk5kad4m	.eJxVjMsOgjAUBf-la9N4aSvFpXu-gdynoAYSCivjv5smLHR7Zua83YD7Ng570XWYxF0duNPvRshPnSuQB873xfMyb-tEvir-oMX3i-jrdrh_ByOWsdYWlLIkUskcOk0xRlAGAyCSrmtSNsEzWoiUA6agF4QW2IyttSa6zxcWMjkk:1tzF8x:xO-fGnYnN_b0BAcbdQA00qlT3gAi9dGvGHT1f-i5Klo	2025-04-14 13:25:35.245221+00
mu6z4bw4392jg6h77q8lqzvhco8rtt21	.eJxVjDsOwyAQBe9CHSEwP5Myvc-AdlkITiKQjF1FuXtsyUXSvpl5bxZgW0vYelrCTOzKJLv8bgjxmeoB6AH13nhsdV1m5IfCT9r51Ci9bqf7d1Cgl73W2QyQBeQUpSchhUbllSekBGIkhzjqITmrnDPSKgtGAKDedRNJWMs-X_dLOFI:1tzJch:a4EeHiupZfye4Tmw26vdaTaqwlDbPXAFUMrIMtgQ2bY	2025-04-14 18:12:35.838885+00
8w9ga1jmrwkpbued7h4h15ul7knhbzyn	.eJzNXVtz20aW_isoP0yFU00P-t7IG3VJFEeSVZIn2uzOlqtFwiRGIKABQSnM1v73Pec0AJuiCEzysrAhCSKpxof-cK59uvt_3s03z58Xvvbvvn-3-uzn83Jb1AxeSNmm3FbzlPk1vbT6_KXw65Tht3W2WOQpvJR3L222X75kv8FLdVbDW_Ny_eSLHfy-qas0xT_3i0Ul4Oc8q8PreI3V59-zp3m5SFme1nVafabzp83nTfqvooRr1wK_SValm6fHdAdvM4JY7eCq8OdPq7IAqHNf5FnRtkLwn6pyWcFn5h6gZMuC-aen1Ofsyc8f_RLe31ZP5SZly-w5K5af8_Q5zRmgqkKTT3m6WKafswWr1z7P_AZ-rtLNqntnXRbs6XPuN_VnQMiyAv6srMov7GldF9v1Q1rhWUnnbLN9aF7G2_mSVZsaT7ICLpjnDD4WWsWzuiT8i21KP3epr8JL_6j-UXDFXSwtk38T-m8iFnEUfx_H7ALOpIhjGcc8ZkKzO18sKs9O2NW8SLOcsatqw5iAP49mFXTVsi6LaPacRtcpY7M690Xt2Y8zJqEZxaAxyRlncCH9unH2nYrVxEgzdbFWLI5FBK8HWFG899lIfYOTu-814Cq39eol3dTRbbpJq2dfZwgEupk-9On88vxqdvvz-aefrn8ML93d386iT1fRla_mq2ga3dVwa75aRD-U8DC89Q_fiP4S3UOXVeyifEqju3KepfDY_ZUgc0BoVMLOgK56tYt-zB4eNuwOqGUxNQD9F47X3SycEW9ekv4hP_gJ4UQPPybGPp0V8OD4TebZLeDYLuE5An6u4CuR3EYXvig88sPY6crXm5eyqlfsdMYSLjlv-BHMariZ162z7xx3kyRxU2l10hDU4NojyMSR_P8niP2VYCIpOpHswxaELbrxiyzP_bek6Lg5Xvct9AB_73g_L4Zr5azplxvsyw-gE55W7Ib9UKE2BAwgOnh1F11l-RIgww0y9vc6m3t2_SvjUsctIZJxwCcO2mXfSa4nVsopN5Y3jDSIRigy7K8Ek8RE2-NiwkPn09eBpBjp-hkBUQS--XFGsB8FqrKy2Hl2yU621XKF8FBKOIc_uPHVYxCS23IOyhnBIyXKoBIkSqA7QYkp_bph9p12eqKUmCYOkAZKGkjfUgLfxkEJwURKXAKUZKAfUmisrlfpy77uQs3VfL3uW6W47CeFC6l5Alc6ygpv7Mu28rudX4H6utq-vPjHRzIyGwIQg_6qFmBkSFTO0roqs5pd_cSUAwvUMKMPrAtvREVO4P2pgYcv8NKC-pYX-Ow4lBfBRF5swtnPaZ7vojtwPV7yf8ugaBEPEKKk0jzuMSjYayClH3yRgbd2xa7KoijrzuDHkatXcFvRfTR7qiOBF7xGa_IlS_MFu7pmWsfw94EUwxzcDXD0mhUd24lRemqAjYaVBtk4WUGYxAoY7LO0yDbRZZn9ni3SDbv4alJsc7zuXevi94kZYEbHiVFc9yswLmN26qsyZx_Yr-C4Lhsh4dxEd5GOiRvGPq79CszJOTOOx6YhwzKewFNjDnWXisVEazmVSjYGvkUzSt1FMIkNpY4beOyq9uvQnEBP9NNhEpEIJ4csPPvVb7aPJRj4q2znN6usKrEJJUBnbcHcB3ty71eZf_Hs4ieWGOtaRkADAyGH5t3FbgL-1VQr0eqsBs4ozTvBJD4EZ9BKBqYkreZ-Ue6b9-Y4cLjAcxkgw4LgGVDux2VDUtNwOXga2Bn7uISokUQD-llFpxDv1c9Z-hLdwh3dp4WvwcCn7B48YOc6hys54APbRW2VTIyRUyGTlo8G0Z58SFCOY-CDYJID7NRRG3KUDqmHRMNKBW5DDxut83udzVcgAxuSjlVRPqf1hq7tIFa4qytffynhvsjvusnJoHAIRxj0FMST7JcZdAhPWt8LGz3iD9tYTrTgU8tB-zYEBZCjFBiCSQIDz1uP89XrEcfWvVd2iKrEJYkeMCoCUPyYpwX0OMQrRYqRYwVwg8kHWxDdQJekaUW25d7v5lUJ4SWG9_xrtALESSGYkof2JeFgX5J4aoD4lp4AbJT2hWASPdYet_bYa-3X6_7FgKGfGKddbIccY-T9JAW9xT5RBiatNo0jBg98dB7dgXBBXH8GoD-l66eUzf4THC7hOkrEGxITHDDl4gmYoql2tkm6tJBG6YARTApXhPlzESQE1kOUOIhn-ECuBdXRtS_mOzZjl5gU26473zi69I8p3BIaGyLlyu--5OUL3MHsloFx7FwxiJsEeMbSHSZbQKAmmqspODdxS0wANspkC8EkWYGb61NlSdx9HVBj1ftkSJNBwGpMrz8m0HaxE189-MoDPWclul74VPDofLFM5-X6IY1OQYV98PPHTVk8g8uYsutT5EJ1VkZBFAXy9aplVGLxRDo35TJpAvwW0x4xAEyMgRiCSU6ATo47ydBh4TgUl2QgNcmTJHZW9jlllDZhv2TVMivALfvATrZz8JWDvMiEo5ecguFpvOQ7QI65ZHgxW67AVaAQX6KwBGoAaczU60tg7sVMhLLTWNrWvjTg9uwLHwk1BJOogY4_LbdVXaS76CSHp3Ivyo-b44AbN6DK0GaDge2xLsJR2uVDtoYQ_xRCfATG0FokADMvtnWw9cc8ZW4O0i3YZOsqi6mRceOJtWD2qHBxZMdABcEMdoWzkyqFv47O_HOGbupArkUOaCy4b8tt3ENCHIKWUw_assLhpg_s5zx7DHGLFdGdz4o6-jEtq2XaSohfo8vMTj8xk8S6ZcMeBpIUuMBvEynkVIG_0LFBqPZ0FsrJGNggmCQYlkPwsExz0Fn5GoddhuMWpwalQgibmB4TQs6wBR94VUAMebmd-z1X2FgTXWWLF78j4bhMX7LNw7Zask_X8DTESSccDpWUVod-sOQTqZOp4qITjoBplH4wwQxhijtuQuAz4TgUkIHssIhNIpXpydlzcImkYaerKtvUKCFX7OKfafXUxPY3ZXRS_haBx4u-1iIDm06SoVRnMhLkwYpXbQbJEEpPIQaJWyoCmj3_14zEZBDMIBmKXZcgGCd-l8PtfhUM6KdwHJgL4QbGTkTsTGJ7B08Eum7sHsjP_JqdgmV4eNgLEw3ozapeY9eQ73sJQf3maVvRKKNKZNKOMuKwJ3i-rxqHiITrSSLUVPPEtIwEWHvCIUaiqwhmsBzyCCPQYeE4zHgNSoazibV9hITByw9YK8F-gqA8f9kVYWxRxdF5nv3uH9KGiov0oWokQyjX8sAPh3uxUfadM_HEqGQax7HuiCA4e0TokUQgBJMGF1E03jYaxwd7h_LA4DTyeFA0wD2Y5TheMmNX8_k2z8vtckU66moenTa_R-BnbbY56LElcxz8rOi02mHBRvQLZibRwB_59MfKF8uUJEk401p9IQ59MJIky7Ggwk4BemtmmrsYpSQRzJCuPGr1j5dQxMkQgZqDQ9qXrQyB489pVgNnJz7H6pVdkTZxSmNkrFRYPJFW5SO4wz_NmOY4KNRQIY8EjZaLiRB6KlXsWioCnlEGjQSTlBrY7p5o_mjYCPfjBoe6BDeSq76qIxyzgdbhPnaIgV2As7Vv81WM7t5JVZaPICEb9vGWJVbxTjYOo3geUvmKT5RJpqRdG0ICmj27Dx5xMgZCCCYRwv8cIYOhIrdWK6F6uGgSkRSps3uI4X_3GYE3LjrDrPAFeAUhPjnzBTjEOzI1riuawNGhI2lIdMOsklPDZRugNIBGmYYkmOQRy55x4L40pDRiSDpEouHh7svZO8qCnPo1-eIz9jHfpEWbGVbcRrP1LhDyg8-q6KN_3JDx0EZ05t8w8IPdYQCfcDNJDJ8myraMNIBGGcATTDIeoLneDOBV3BxvZISH_GIJfRXHPcIRO2yH3WbzFaBmN-wGIaTV0m_q4I1xHH7066eHFIQEw8ZrsPUXu0VKw15UX8TjLvuIAVeC5OxfAvQW0AJaYApWvKWlAbdnSNxI9BbBDDV48THvWDbHgYjEQ96xlEIq0eOTwXd0jHAsOge3-Ird-kX92Fr0ew6B_HXEIf4TcEfFIjrbRpd-HkTmx7RagwNQvoCy-4lpdJRactyhyyzJzAsDZl7LKRdJ0rITMH7LDnwfBzsEk1xmYOnogP1Rp1kNVRnBzesEvND-EWKwVp9W5ZqGh-9XWZ1-G09KF8vol7KapzRkf-Grh7LCYWyy9pgYTuxXqUkO3a9gXiSfaGGmKjau44WgjXJcmGCGMqOehMtRW6_4kGmRTkDbPb5wa-ypxggTLj_g8wFBSJOUjG6z57R6AdgbCC1pxP5UYO7n_LeUyiUvgDnZZl_kWyP2wfAbNPzWTpOkS4U14EZo-PeLvgkySU_Cj-m2Hg8g4UMumUyUEH1jw8LSuADeRZ7u2C2E_zW4wXvJSi65i8ggAkDy0ICv6xeIYVK48-jWP2WLDcUxQnWJ5MCZen0trKJMJtKoKSg10dIVUO55BXYkCo5gkvlR9ghFx0dXhsbuhZLGyXigGglu_N7nBOeurrb1701yRiboj0UUuUSXIFd3OFciui03PvhoKm5TZXAPThCe1wVJCgvElJhyx1u91oAaZUESwSQ6TG-xMaALx6FmG3IJFPh_SdJTkC-otImdLwpPkyCqPN20td8R9QnVhyEjsxxns8ATE9RZF8fIwyg_5PVRmTmrwfy3NcYtnlHm9XlbY4yxyLH6sKNWJpGDXIDt1n36q60Pm2Fsfw7G_V9bGqkXGj57XdaY9Fr5dfDHLstNNCuWKfKFAgL925YXS3V8hoSQVLKnVZffb2CN0vITzJDEPE5Jb3mLGIz0FVie3pIjLEBRgt3C3bM7dgkC6vdyLtIpOK_K56yYp-QgX80Yzelo6NDMSObUqyZxUNhNlLNgPURrPRowo6xpIZgheDHH3WPoqXAcTiAyQ1RoYbXuiytRzQtM7xdpzS7Z3Uu2BDesKfZOlOKREhC3kIDc-BdwE1-CUxzbznqYQ1seBoVNMgHSptaqNgXW4Bml8SCYIcKPe0Yhj5nzZCjG19oY21v2xb8ZamEYtdOsITTmRqroLPsNHpCT_Bnu5m5Vpc_pUwlUXc6Y5RBotWzYN2bXNRNUwJY7OY0Nb2PHBtIoNRXBJE0FfsoxTXU0dNRDxcU49C9tMlB3DwL2CyqhosaUC7jl1e_-MXCCVT53c7AhqzJft7TsKj_fbtIwwU50M1JBGSaWJgi8NcFOKTMlj6UhJQAbJSkEM-QlzdtZMOixcBxm7IcZkaAu-txdHeK8D1sw5zfsttwWC6rz1lpEd9vNJv2tKV-h8J3KJNn1B2ZxNk3DREIzzOQbw5FWCqAimXIMt1oqCNEohyMJZnCuVE-latNl_K30ymAAop2zoq8Av5kOcVsuAdMlm1F0WDbjw07a6D76mEMkTwnJUwBZ-GZ00bWMYFnnm5MhEs0nVtqpMl2FV4NnlOaDYJL5gA7prbU_Nj1lMB2pE_AtbdIfe0DLn7I1PQ1_iSi9sivQspfFcrc_0sjjBP2sspivfF1uwc6hLYmVbtWW4ofUhPoipyfQ8dNYmE5UArZRxiEEk0TFHCm-O0qKtUMyYmLNkz5SmpUNQjH3BQ1rVYsmzRUbFd2c39yc3366PT-PLq8jhhMh62W5Tqsdm12Cd8V56_eqw4H4xopINRHWTjW3rag0sEZpRQgmWZE_MxBv_g1GwPT2ZO2x00DtUPyBBUbt5Gypwd-9ju6zYvGC90Mx-tNTnuIkIczRQzDR1t4peTCuFbhIRExT5p0zyVcuENAouSCYwYyInhjk2NiWHAxBDFcWorD-VLBp3F4AhqoTl4_w-etMo3aSR2dV-hs8L5irv1lluV-k-dMq8-xmxjguMtHSoxhOAhCHCWGBHpeVUwuxYctPgDjChDBEJQgzzJ_XR91gEzfHgfqSg8LCdaJszyAw9hpOBsZMFni7YWWP9ZNfFmHSAzfRTVakq20F3YIrs2Cu_gKLWHAA8teyGXuEptpsvdJ4mLeoERNQCeAMc9lRQ_BGSQ3BDPl5c0yNybg5DpgZXJEF_LrY9dYTBcPSjgmDZannq7IJT6DD4-gW520tnrdhbOtT-YK-2dUZxC4i7oz8YYV9s1wOjyca40X4vWUjQBqlIiOYJCjO9ITvx8wKPGfD9UQGXQjRp8sC2U0If1LBPbTeMER60RnIb5hGd49LKEGX3Pk8XdPUIMu70RFlDwVEBjtvJuDDTHm3mkELaZRFRbxdzUBzddy2HBURPai7pHJO9ZV3gX3WWCEMvhT8WKQPfjtfpU0Ar0yYEYyxyayu8_QBAhRKNeL0gIYKh8sZvG6zyTRqPeVKdFY-oNljwo0kOCGYYZyqdyKwpv9_nAjNnXV9RFjyri9oRhxOPimWYSKQ5U5Gp3kz0wGH6Z9QR328AAsed-sXqMMJ85yGC-FDE5E4oEG1tdwNlj0a7FgqUBEm6Sh43P_EhPkhGgx4_Lpv3okgQbvdLkrwmtistR2bRiKk0jhg6Gnqyd-LrI4UVj--MuRdWguei9d6KhQGkyGnafLt3NIW2ygLgwlmoEX-YUM-mGg0TkjeKxy6LSLasRtfV9kcl5ZIyQ0OK0vI6DxfYzFE52B9EELiXBQITvB1ynJ9re7Sb9TcUwbou8TKCbgeU6dkZ9QDvj2B0SMx6gSTIkXtjoyvH68eGlRbloOi6CuAREfIaRw-9FhWl-KM3oqqIctmSFcmcXRPZQ-bLiYp1x4CSyoUlrajBCwhlnO8UTyEpcKJSKaGd7XbDbJROloEM6xFyPtsCXRcOP544YPliVPxwGqRYdW73Txld-wkrZZpUzvEHcZy1xhIrqnmDisjttVTlW2ahQuk7TTY8aXvjJATwdUUdOJXVgjWKFkhmGGtoiP1qb3VwoPJeVDnRvABEw-m4A7nxDcLsoRMMEbu3PDoZlsXfk1SclqutnW7cKft6h70W0G7DeuugOObqKn6OmerATRKO6-6OVvOHTMox2P24UUKQB3G0B1Dq3rwrvDximq4HtD5gn-iqW9cQPBBfFzijYKw1MHCY01FwwhYESuYkIfBesLVxEkFNj5p8ygNqlEG6wQzaK2-ufDYZ-3XATHDBsVI1792BMdm2CxfeODkhypbYF0dC2mUOyqjq5shLJqTfVluQYKvPjIjeVcerA0uI0mK63A4EUgBx0vZbkpdg2mUSotgEimu15RAl4XjsIR7aFaWtUolcR8lKIUWrpZVxAWEhKC3wvJRAvxhwOq3S0_xyc9YFEyj7jQT25hOc9mgWuVhTYpCO6IMzszq5CRgGmdNCsIMa0b0LKEKHRaOA0KGlk-FmzdGyb5ZJzrYqLOyhgjlAnobzQgOuMvoHsBiSgvg7jARidOE5wAxpYhRm27dCDSGB4Y9jPMSIRLcLSypbwkhTKMc5yWYoUgoOb5WQU_B1rDWclzB_Q8sV6DB2aI5cuBsrSh2R0UCSiuswp3Nu9gEtH6IGe_Wu6rw0Unq5yv2wyV4Gdy0dSo6OZxUSmOLoK0mKk6mLukqIhqAoxxbJJhhXaKeKQ7H046D44vWQRDRN76ITbQJeio1nS_L5yKYFfCugg3JfLv4zYmf59mXL-zTfzBrNW8tvTmM5RvXi8uJ1vFUJZp3fBCkcbpeCDOsEen-RM6RG_C-Bn1hrEIwfePwmjy709xnFYYnP2ZNukvBY3uaVXPwuygLvJs_lsAFRu-qW03N8EM3OKguEfOJUnoaJ6KLSQKWUaougkmqS5gen-uoJzyYWnGxcrZv8AonFUDQ0i4nQdN_cJ8HuqqiuJ2qsWkRNdyfIcKRg7Sx719dLqwf0mzPuof5CgYXSNduanXSZuQbUKOcr0AwwzRfeyRKtM1xMO4-QMY7RntyrFKPywe--_6_vu7LAW_hPhDwI-zNASdhdw44afbngLOvO3TQy_k3L4ddOuhl2qcDrxV26qDXwl4ddEq7ddAZ7tfRvBuu3e3ZAeff7NoBv7X7dhCuWoQfEn583b2Drtju30GN0XYbeEvNHh5dq82tNvt44B82O3lgu7SXB74bdvPAs7CfB5x9u6MHNtzu6YEfanf1gPNmXw86o509vr4PIRz-0u3uAb90-3vgG-0OH-E87PGBV-p2-Qi3Tvt8hNNmpw-8WLvXRzgPW3sgs2G_Dzj7uuPHu_9m7z57eLo_b-HBRtjfv-Pv9l7DWBQeP3hj8U9fLMv3cwg_q-zhPX7kffPu5v0VMJSfNJ_da2DlNyv4a_VFC_8l9l_SOU8WENmoB5nIZPGwSH3sFvbhwSmRQhCExs5I43Xs_YOCj-v5Ijbm3f_-HwVdbgI:1u0PJM:WrRaahJW6ol-woUcL0vdUT1VF45thuWnzDqMYRg-_UI	2025-04-17 18:29:08.250765+00
lzt0w99eevex4tf80ht4ts4sl0yg67wk	.eJxVjDsOwyAQBe9CHSEwP5Myvc-AdlkITiKQjF1FuXtsyUXSvpl5bxZgW0vYelrCTOzKJLv8bgjxmeoB6AH13nhsdV1m5IfCT9r51Ci9bqf7d1Cgl73W2QyQBeQUpSchhUbllSekBGIkhzjqITmrnDPSKgtGAKDedRNJWMs-X_dLOFI:1u1QiO:PHoCY5PqZtLxJVtGma8UBT0wOaxDKcl1jwdw6MXnCnE	2025-04-20 14:11:12.349993+00
9afig44ze10cn4h1sr5f4u74btyzl302	.eJxVjDsOwyAQBe9CHSEwP5Myvc-AdlkITiKQjF1FuXtsyUXSvpl5bxZgW0vYelrCTOzKJLv8bgjxmeoB6AH13nhsdV1m5IfCT9r51Ci9bqf7d1Cgl73W2QyQBeQUpSchhUbllSekBGIkhzjqITmrnDPSKgtGAKDedRNJWMs-X_dLOFI:1u1ZeX:ubImTmLeRQzpK2_s-G6pJmKtIW_irMo34bwuL6vYYGk	2025-04-20 23:43:49.362933+00
opng5cj6ql46cmgdw7qqldn1s3xjo77b	.eJxVjDsOwyAQBe9CHSEwP5Myvc-AdlkITiKQjF1FuXtsyUXSvpl5bxZgW0vYelrCTOzKJLv8bgjxmeoB6AH13nhsdV1m5IfCT9r51Ci9bqf7d1Cgl73W2QyQBeQUpSchhUbllSekBGIkhzjqITmrnDPSKgtGAKDedRNJWMs-X_dLOFI:1u1brj:GQvn-hwK5a35IYYXC1fOvhrLOOy4TvZ2U2TSwYcGQ_I	2025-04-21 02:05:35.663937+00
unymn0ml7pc89donrmpdxl4ekcxe8hy2	.eJxVjDsOwyAQBe9CHSEwP5Myvc-AdlkITiKQjF1FuXtsyUXSvpl5bxZgW0vYelrCTOzKJLv8bgjxmeoB6AH13nhsdV1m5IfCT9r51Ci9bqf7d1Cgl73W2QyQBeQUpSchhUbllSekBGIkhzjqITmrnDPSKgtGAKDedRNJWMs-X_dLOFI:1u6t7H:l-YvhqQC0EiPWedCUG7YAhOpWg2SdfkBc7kzjq-oreQ	2025-05-05 15:31:27.484339+00
x2syucebltqhw3psyftyc8n0ux6gx8l9	.eJxVjDsOwyAQBe9CHSEwP5Myvc-AdlkITiKQjF1FuXtsyUXSvpl5bxZgW0vYelrCTOzKJLv8bgjxmeoB6AH13nhsdV1m5IfCT9r51Ci9bqf7d1Cgl73W2QyQBeQUpSchhUbllSekBGIkhzjqITmrnDPSKgtGAKDedRNJWMs-X_dLOFI:1u6w9e:5ZB3wKZ4SjFgmKyW7eHONp3NoOeO6zLpScxGCCt1jq0	2025-05-05 18:46:06.851043+00
4j7nck4auxv0c7xibsi4yj7y25tehnfi	.eJxVjDsOwyAQBe9CHSEwP5Myvc-AdlkITiKQjF1FuXtsyUXSvpl5bxZgW0vYelrCTOzKJLv8bgjxmeoB6AH13nhsdV1m5IfCT9r51Ci9bqf7d1Cgl73W2QyQBeQUpSchhUbllSekBGIkhzjqITmrnDPSKgtGAKDedRNJWMs-X_dLOFI:1u7GcH:h2HoNByxD-Et1ds6LSWrK_yzqvppXIxkDDlI3phK4yE	2025-05-06 16:37:01.230225+00
i8sa8adgn1pdxatjawkbna3hbijoh2w0	.eJxVjDsOwyAQBe9CHSEwP5Myvc-AdlkITiKQjF1FuXtsyUXSvpl5bxZgW0vYelrCTOzKJLv8bgjxmeoB6AH13nhsdV1m5IfCT9r51Ci9bqf7d1Cgl73W2QyQBeQUpSchhUbllSekBGIkhzjqITmrnDPSKgtGAKDedRNJWMs-X_dLOFI:1uC1KO:JTSkq70D-8wPKOccHt4HoeB2lZtm-XMDhtBluzUbnJU	2025-05-19 19:18:12.885533+00
h9sagzjvcggg0wuojr5dcyjuhjvo994i	.eJxVjDsOwyAQBe9CHSEwP5Myvc-AdlkITiKQjF1FuXtsyUXSvpl5bxZgW0vYelrCTOzKJLv8bgjxmeoB6AH13nhsdV1m5IfCT9r51Ci9bqf7d1Cgl73W2QyQBeQUpSchhUbllSekBGIkhzjqITmrnDPSKgtGAKDedRNJWMs-X_dLOFI:1uC20q:jIwDEm1jzhXnfi2R-nrMvb_68WxNfBl2YDlcJUSVdfI	2025-05-19 20:02:04.299563+00
akwer64iijujh0matdzlrsmyn29pezau	.eJxVjDsOwyAQBe9CHSEwP5Myvc-AdlkITiKQjF1FuXtsyUXSvpl5bxZgW0vYelrCTOzKJLv8bgjxmeoB6AH13nhsdV1m5IfCT9r51Ci9bqf7d1Cgl73W2QyQBeQUpSchhUbllSekBGIkhzjqITmrnDPSKgtGAKDedRNJWMs-X_dLOFI:1uCW5S:BkVG5qushIml5U7lwOqbNamqdgx_JdzSIEtrbhI1tCo	2025-05-21 04:08:50.720931+00
ezwlqfmimggdc8r0y6nb08tqg21gfy1t	.eJxVjDsOwyAQBe9CHSEwP5Myvc-AdlkITiKQjF1FuXtsyUXSvpl5bxZgW0vYelrCTOzKJLv8bgjxmeoB6AH13nhsdV1m5IfCT9r51Ci9bqf7d1Cgl73W2QyQBeQUpSchhUbllSekBGIkhzjqITmrnDPSKgtGAKDedRNJWMs-X_dLOFI:1uDBT6:skRuR-cVb1_wqOAbKOyhDiLgdzL7P3KrfFrFTtCu0ts	2025-05-23 00:20:00.367316+00
7ople8a52h7wsmbqor7uu6natsjwqrb7	.eJxVjDsOwyAQBe9CHSEwP5Myvc-AdlkITiKQjF1FuXtsyUXSvpl5bxZgW0vYelrCTOzKJLv8bgjxmeoB6AH13nhsdV1m5IfCT9r51Ci9bqf7d1Cgl73W2QyQBeQUpSchhUbllSekBGIkhzjqITmrnDPSKgtGAKDedRNJWMs-X_dLOFI:1uDseF:sSMCM5In3R3mwcshpC-M9M8L3x2X6ibKWWjJwCvRNWE	2025-05-24 22:26:23.762384+00
\.


--
-- Name: auth_group_id_seq; Type: SEQUENCE SET; Schema: public; Owner: cattle_user
--

SELECT pg_catalog.setval('public.auth_group_id_seq', 6, true);


--
-- Name: auth_group_permissions_id_seq; Type: SEQUENCE SET; Schema: public; Owner: cattle_user
--

SELECT pg_catalog.setval('public.auth_group_permissions_id_seq', 1, false);


--
-- Name: auth_permission_id_seq; Type: SEQUENCE SET; Schema: public; Owner: cattle_user
--

SELECT pg_catalog.setval('public.auth_permission_id_seq', 156, true);


--
-- Name: auth_user_groups_id_seq; Type: SEQUENCE SET; Schema: public; Owner: cattle_user
--

SELECT pg_catalog.setval('public.auth_user_groups_id_seq', 3, true);


--
-- Name: auth_user_id_seq; Type: SEQUENCE SET; Schema: public; Owner: cattle_user
--

SELECT pg_catalog.setval('public.auth_user_id_seq', 3, true);


--
-- Name: auth_user_user_permissions_id_seq; Type: SEQUENCE SET; Schema: public; Owner: cattle_user
--

SELECT pg_catalog.setval('public.auth_user_user_permissions_id_seq', 132, true);


--
-- Name: cattle_tracker_alert_id_seq; Type: SEQUENCE SET; Schema: public; Owner: cattle_user
--

SELECT pg_catalog.setval('public.cattle_tracker_alert_id_seq', 1, false);


--
-- Name: cattle_tracker_app_alert_id_seq; Type: SEQUENCE SET; Schema: public; Owner: cattle_user
--

SELECT pg_catalog.setval('public.cattle_tracker_app_alert_id_seq', 1, true);


--
-- Name: cattle_tracker_app_breedinghistory_id_seq; Type: SEQUENCE SET; Schema: public; Owner: cattle_user
--

SELECT pg_catalog.setval('public.cattle_tracker_app_breedinghistory_id_seq', 1, false);


--
-- Name: cattle_tracker_app_breedingrecord_id_seq; Type: SEQUENCE SET; Schema: public; Owner: cattle_user
--

SELECT pg_catalog.setval('public.cattle_tracker_app_breedingrecord_id_seq', 1, true);


--
-- Name: cattle_tracker_app_calvingrecord_id_seq; Type: SEQUENCE SET; Schema: public; Owner: cattle_user
--

SELECT pg_catalog.setval('public.cattle_tracker_app_calvingrecord_id_seq', 1, false);


--
-- Name: cattle_tracker_app_cattle_id_seq; Type: SEQUENCE SET; Schema: public; Owner: cattle_user
--

SELECT pg_catalog.setval('public.cattle_tracker_app_cattle_id_seq', 36, true);


--
-- Name: cattle_tracker_app_healthrecord_id_seq; Type: SEQUENCE SET; Schema: public; Owner: cattle_user
--

SELECT pg_catalog.setval('public.cattle_tracker_app_healthrecord_id_seq', 1, false);


--
-- Name: cattle_tracker_app_illnessrecord_id_seq; Type: SEQUENCE SET; Schema: public; Owner: cattle_user
--

SELECT pg_catalog.setval('public.cattle_tracker_app_illnessrecord_id_seq', 1, false);


--
-- Name: cattle_tracker_app_importlog_id_seq; Type: SEQUENCE SET; Schema: public; Owner: cattle_user
--

SELECT pg_catalog.setval('public.cattle_tracker_app_importlog_id_seq', 1, false);


--
-- Name: cattle_tracker_app_leasedbull_id_seq; Type: SEQUENCE SET; Schema: public; Owner: cattle_user
--

SELECT pg_catalog.setval('public.cattle_tracker_app_leasedbull_id_seq', 1, true);


--
-- Name: cattle_tracker_app_owner_id_seq; Type: SEQUENCE SET; Schema: public; Owner: cattle_user
--

SELECT pg_catalog.setval('public.cattle_tracker_app_owner_id_seq', 6, true);


--
-- Name: cattle_tracker_app_owneruseraccess_id_seq; Type: SEQUENCE SET; Schema: public; Owner: cattle_user
--

SELECT pg_catalog.setval('public.cattle_tracker_app_owneruseraccess_id_seq', 7, true);


--
-- Name: cattle_tracker_app_pregnancyrecord_id_seq; Type: SEQUENCE SET; Schema: public; Owner: cattle_user
--

SELECT pg_catalog.setval('public.cattle_tracker_app_pregnancyrecord_id_seq', 1, false);


--
-- Name: cattle_tracker_app_turnoutgroup_bulls_id_seq; Type: SEQUENCE SET; Schema: public; Owner: cattle_user
--

SELECT pg_catalog.setval('public.cattle_tracker_app_turnoutgroup_bulls_id_seq', 1, true);


--
-- Name: cattle_tracker_app_turnoutgroup_cows_id_seq; Type: SEQUENCE SET; Schema: public; Owner: cattle_user
--

SELECT pg_catalog.setval('public.cattle_tracker_app_turnoutgroup_cows_id_seq', 2, true);


--
-- Name: cattle_tracker_app_turnoutgroup_owners_id_seq; Type: SEQUENCE SET; Schema: public; Owner: cattle_user
--

SELECT pg_catalog.setval('public.cattle_tracker_app_turnoutgroup_owners_id_seq', 1, true);


--
-- Name: cattle_tracker_app_vaccinationrecord_id_seq; Type: SEQUENCE SET; Schema: public; Owner: cattle_user
--

SELECT pg_catalog.setval('public.cattle_tracker_app_vaccinationrecord_id_seq', 1, false);


--
-- Name: cattle_tracker_app_weightlog_id_seq; Type: SEQUENCE SET; Schema: public; Owner: cattle_user
--

SELECT pg_catalog.setval('public.cattle_tracker_app_weightlog_id_seq', 1, true);


--
-- Name: cattle_tracker_breedinghistory_id_seq; Type: SEQUENCE SET; Schema: public; Owner: cattle_user
--

SELECT pg_catalog.setval('public.cattle_tracker_breedinghistory_id_seq', 1, true);


--
-- Name: cattle_tracker_breedingrecord_id_seq; Type: SEQUENCE SET; Schema: public; Owner: cattle_user
--

SELECT pg_catalog.setval('public.cattle_tracker_breedingrecord_id_seq', 1, false);


--
-- Name: cattle_tracker_calvingrecord_id_seq; Type: SEQUENCE SET; Schema: public; Owner: cattle_user
--

SELECT pg_catalog.setval('public.cattle_tracker_calvingrecord_id_seq', 1, false);


--
-- Name: cattle_tracker_cattle_id_seq; Type: SEQUENCE SET; Schema: public; Owner: cattle_user
--

SELECT pg_catalog.setval('public.cattle_tracker_cattle_id_seq', 2, true);


--
-- Name: cattle_tracker_healthrecord_id_seq; Type: SEQUENCE SET; Schema: public; Owner: cattle_user
--

SELECT pg_catalog.setval('public.cattle_tracker_healthrecord_id_seq', 1, false);


--
-- Name: cattle_tracker_illnessrecord_id_seq; Type: SEQUENCE SET; Schema: public; Owner: cattle_user
--

SELECT pg_catalog.setval('public.cattle_tracker_illnessrecord_id_seq', 1, false);


--
-- Name: cattle_tracker_pregnancyrecord_id_seq; Type: SEQUENCE SET; Schema: public; Owner: cattle_user
--

SELECT pg_catalog.setval('public.cattle_tracker_pregnancyrecord_id_seq', 1, false);


--
-- Name: cattle_tracker_vaccinationrecord_id_seq; Type: SEQUENCE SET; Schema: public; Owner: cattle_user
--

SELECT pg_catalog.setval('public.cattle_tracker_vaccinationrecord_id_seq', 1, false);


--
-- Name: django_admin_log_id_seq; Type: SEQUENCE SET; Schema: public; Owner: cattle_user
--

SELECT pg_catalog.setval('public.django_admin_log_id_seq', 78, true);


--
-- Name: django_celery_beat_clockedschedule_id_seq; Type: SEQUENCE SET; Schema: public; Owner: cattle_user
--

SELECT pg_catalog.setval('public.django_celery_beat_clockedschedule_id_seq', 1, false);


--
-- Name: django_celery_beat_crontabschedule_id_seq; Type: SEQUENCE SET; Schema: public; Owner: cattle_user
--

SELECT pg_catalog.setval('public.django_celery_beat_crontabschedule_id_seq', 1, false);


--
-- Name: django_celery_beat_intervalschedule_id_seq; Type: SEQUENCE SET; Schema: public; Owner: cattle_user
--

SELECT pg_catalog.setval('public.django_celery_beat_intervalschedule_id_seq', 2, true);


--
-- Name: django_celery_beat_periodictask_id_seq; Type: SEQUENCE SET; Schema: public; Owner: cattle_user
--

SELECT pg_catalog.setval('public.django_celery_beat_periodictask_id_seq', 2, true);


--
-- Name: django_celery_beat_solarschedule_id_seq; Type: SEQUENCE SET; Schema: public; Owner: cattle_user
--

SELECT pg_catalog.setval('public.django_celery_beat_solarschedule_id_seq', 1, false);


--
-- Name: django_content_type_id_seq; Type: SEQUENCE SET; Schema: public; Owner: cattle_user
--

SELECT pg_catalog.setval('public.django_content_type_id_seq', 39, true);


--
-- Name: django_migrations_id_seq; Type: SEQUENCE SET; Schema: public; Owner: cattle_user
--

SELECT pg_catalog.setval('public.django_migrations_id_seq', 90, true);


--
-- Name: auth_group auth_group_name_key; Type: CONSTRAINT; Schema: public; Owner: cattle_user
--

ALTER TABLE ONLY public.auth_group
    ADD CONSTRAINT auth_group_name_key UNIQUE (name);


--
-- Name: auth_group_permissions auth_group_permissions_group_id_permission_id_0cd325b0_uniq; Type: CONSTRAINT; Schema: public; Owner: cattle_user
--

ALTER TABLE ONLY public.auth_group_permissions
    ADD CONSTRAINT auth_group_permissions_group_id_permission_id_0cd325b0_uniq UNIQUE (group_id, permission_id);


--
-- Name: auth_group_permissions auth_group_permissions_pkey; Type: CONSTRAINT; Schema: public; Owner: cattle_user
--

ALTER TABLE ONLY public.auth_group_permissions
    ADD CONSTRAINT auth_group_permissions_pkey PRIMARY KEY (id);


--
-- Name: auth_group auth_group_pkey; Type: CONSTRAINT; Schema: public; Owner: cattle_user
--

ALTER TABLE ONLY public.auth_group
    ADD CONSTRAINT auth_group_pkey PRIMARY KEY (id);


--
-- Name: auth_permission auth_permission_content_type_id_codename_01ab375a_uniq; Type: CONSTRAINT; Schema: public; Owner: cattle_user
--

ALTER TABLE ONLY public.auth_permission
    ADD CONSTRAINT auth_permission_content_type_id_codename_01ab375a_uniq UNIQUE (content_type_id, codename);


--
-- Name: auth_permission auth_permission_pkey; Type: CONSTRAINT; Schema: public; Owner: cattle_user
--

ALTER TABLE ONLY public.auth_permission
    ADD CONSTRAINT auth_permission_pkey PRIMARY KEY (id);


--
-- Name: auth_user_groups auth_user_groups_pkey; Type: CONSTRAINT; Schema: public; Owner: cattle_user
--

ALTER TABLE ONLY public.auth_user_groups
    ADD CONSTRAINT auth_user_groups_pkey PRIMARY KEY (id);


--
-- Name: auth_user_groups auth_user_groups_user_id_group_id_94350c0c_uniq; Type: CONSTRAINT; Schema: public; Owner: cattle_user
--

ALTER TABLE ONLY public.auth_user_groups
    ADD CONSTRAINT auth_user_groups_user_id_group_id_94350c0c_uniq UNIQUE (user_id, group_id);


--
-- Name: auth_user auth_user_pkey; Type: CONSTRAINT; Schema: public; Owner: cattle_user
--

ALTER TABLE ONLY public.auth_user
    ADD CONSTRAINT auth_user_pkey PRIMARY KEY (id);


--
-- Name: auth_user_user_permissions auth_user_user_permissions_pkey; Type: CONSTRAINT; Schema: public; Owner: cattle_user
--

ALTER TABLE ONLY public.auth_user_user_permissions
    ADD CONSTRAINT auth_user_user_permissions_pkey PRIMARY KEY (id);


--
-- Name: auth_user_user_permissions auth_user_user_permissions_user_id_permission_id_14a6b632_uniq; Type: CONSTRAINT; Schema: public; Owner: cattle_user
--

ALTER TABLE ONLY public.auth_user_user_permissions
    ADD CONSTRAINT auth_user_user_permissions_user_id_permission_id_14a6b632_uniq UNIQUE (user_id, permission_id);


--
-- Name: auth_user auth_user_username_key; Type: CONSTRAINT; Schema: public; Owner: cattle_user
--

ALTER TABLE ONLY public.auth_user
    ADD CONSTRAINT auth_user_username_key UNIQUE (username);


--
-- Name: cattle_tracker_alert cattle_tracker_alert_pkey; Type: CONSTRAINT; Schema: public; Owner: cattle_user
--

ALTER TABLE ONLY public.cattle_tracker_alert
    ADD CONSTRAINT cattle_tracker_alert_pkey PRIMARY KEY (id);


--
-- Name: cattle_tracker_app_alert cattle_tracker_app_alert_pkey; Type: CONSTRAINT; Schema: public; Owner: cattle_user
--

ALTER TABLE ONLY public.cattle_tracker_app_alert
    ADD CONSTRAINT cattle_tracker_app_alert_pkey PRIMARY KEY (id);


--
-- Name: cattle_tracker_app_breedinghistory cattle_tracker_app_breedinghistory_pkey; Type: CONSTRAINT; Schema: public; Owner: cattle_user
--

ALTER TABLE ONLY public.cattle_tracker_app_breedinghistory
    ADD CONSTRAINT cattle_tracker_app_breedinghistory_pkey PRIMARY KEY (id);


--
-- Name: cattle_tracker_app_breedingrecord cattle_tracker_app_breedingrecord_pkey; Type: CONSTRAINT; Schema: public; Owner: cattle_user
--

ALTER TABLE ONLY public.cattle_tracker_app_breedingrecord
    ADD CONSTRAINT cattle_tracker_app_breedingrecord_pkey PRIMARY KEY (id);


--
-- Name: cattle_tracker_app_calvingrecord cattle_tracker_app_calvingrecord_calf_id_key; Type: CONSTRAINT; Schema: public; Owner: cattle_user
--

ALTER TABLE ONLY public.cattle_tracker_app_calvingrecord
    ADD CONSTRAINT cattle_tracker_app_calvingrecord_calf_id_key UNIQUE (calf_id);


--
-- Name: cattle_tracker_app_calvingrecord cattle_tracker_app_calvingrecord_pkey; Type: CONSTRAINT; Schema: public; Owner: cattle_user
--

ALTER TABLE ONLY public.cattle_tracker_app_calvingrecord
    ADD CONSTRAINT cattle_tracker_app_calvingrecord_pkey PRIMARY KEY (id);


--
-- Name: cattle_tracker_app_cattle cattle_tracker_app_cattle_ear_tag_key; Type: CONSTRAINT; Schema: public; Owner: cattle_user
--

ALTER TABLE ONLY public.cattle_tracker_app_cattle
    ADD CONSTRAINT cattle_tracker_app_cattle_ear_tag_key UNIQUE (ear_tag);


--
-- Name: cattle_tracker_app_cattle cattle_tracker_app_cattle_pkey; Type: CONSTRAINT; Schema: public; Owner: cattle_user
--

ALTER TABLE ONLY public.cattle_tracker_app_cattle
    ADD CONSTRAINT cattle_tracker_app_cattle_pkey PRIMARY KEY (id);


--
-- Name: cattle_tracker_app_healthrecord cattle_tracker_app_healthrecord_pkey; Type: CONSTRAINT; Schema: public; Owner: cattle_user
--

ALTER TABLE ONLY public.cattle_tracker_app_healthrecord
    ADD CONSTRAINT cattle_tracker_app_healthrecord_pkey PRIMARY KEY (id);


--
-- Name: cattle_tracker_app_illnessrecord cattle_tracker_app_illnessrecord_pkey; Type: CONSTRAINT; Schema: public; Owner: cattle_user
--

ALTER TABLE ONLY public.cattle_tracker_app_illnessrecord
    ADD CONSTRAINT cattle_tracker_app_illnessrecord_pkey PRIMARY KEY (id);


--
-- Name: cattle_tracker_app_importlog cattle_tracker_app_importlog_pkey; Type: CONSTRAINT; Schema: public; Owner: cattle_user
--

ALTER TABLE ONLY public.cattle_tracker_app_importlog
    ADD CONSTRAINT cattle_tracker_app_importlog_pkey PRIMARY KEY (id);


--
-- Name: cattle_tracker_app_leasedbull cattle_tracker_app_leasedbull_pkey; Type: CONSTRAINT; Schema: public; Owner: cattle_user
--

ALTER TABLE ONLY public.cattle_tracker_app_leasedbull
    ADD CONSTRAINT cattle_tracker_app_leasedbull_pkey PRIMARY KEY (id);


--
-- Name: cattle_tracker_app_owner cattle_tracker_app_owner_pkey; Type: CONSTRAINT; Schema: public; Owner: cattle_user
--

ALTER TABLE ONLY public.cattle_tracker_app_owner
    ADD CONSTRAINT cattle_tracker_app_owner_pkey PRIMARY KEY (id);


--
-- Name: cattle_tracker_app_owner cattle_tracker_app_owner_user_id_key; Type: CONSTRAINT; Schema: public; Owner: cattle_user
--

ALTER TABLE ONLY public.cattle_tracker_app_owner
    ADD CONSTRAINT cattle_tracker_app_owner_user_id_key UNIQUE (user_id);


--
-- Name: cattle_tracker_app_owneruseraccess cattle_tracker_app_owneruseraccess_pkey; Type: CONSTRAINT; Schema: public; Owner: cattle_user
--

ALTER TABLE ONLY public.cattle_tracker_app_owneruseraccess
    ADD CONSTRAINT cattle_tracker_app_owneruseraccess_pkey PRIMARY KEY (id);


--
-- Name: cattle_tracker_app_pregnancyrecord cattle_tracker_app_pregnancyrecord_pkey; Type: CONSTRAINT; Schema: public; Owner: cattle_user
--

ALTER TABLE ONLY public.cattle_tracker_app_pregnancyrecord
    ADD CONSTRAINT cattle_tracker_app_pregnancyrecord_pkey PRIMARY KEY (id);


--
-- Name: cattle_tracker_app_turnoutgroup_bulls cattle_tracker_app_turno_turnoutgroup_id_cattle_i_16afa694_uniq; Type: CONSTRAINT; Schema: public; Owner: cattle_user
--

ALTER TABLE ONLY public.cattle_tracker_app_turnoutgroup_bulls
    ADD CONSTRAINT cattle_tracker_app_turno_turnoutgroup_id_cattle_i_16afa694_uniq UNIQUE (turnoutgroup_id, cattle_id);


--
-- Name: cattle_tracker_app_turnoutgroup_cows cattle_tracker_app_turno_turnoutgroup_id_cattle_i_7e00b791_uniq; Type: CONSTRAINT; Schema: public; Owner: cattle_user
--

ALTER TABLE ONLY public.cattle_tracker_app_turnoutgroup_cows
    ADD CONSTRAINT cattle_tracker_app_turno_turnoutgroup_id_cattle_i_7e00b791_uniq UNIQUE (turnoutgroup_id, cattle_id);


--
-- Name: cattle_tracker_app_turnoutgroup_owners cattle_tracker_app_turno_turnoutgroup_id_owner_id_ea02e06a_uniq; Type: CONSTRAINT; Schema: public; Owner: cattle_user
--

ALTER TABLE ONLY public.cattle_tracker_app_turnoutgroup_owners
    ADD CONSTRAINT cattle_tracker_app_turno_turnoutgroup_id_owner_id_ea02e06a_uniq UNIQUE (turnoutgroup_id, owner_id);


--
-- Name: cattle_tracker_app_turnoutgroup_bulls cattle_tracker_app_turnoutgroup_bulls_pkey; Type: CONSTRAINT; Schema: public; Owner: cattle_user
--

ALTER TABLE ONLY public.cattle_tracker_app_turnoutgroup_bulls
    ADD CONSTRAINT cattle_tracker_app_turnoutgroup_bulls_pkey PRIMARY KEY (id);


--
-- Name: cattle_tracker_app_turnoutgroup_cows cattle_tracker_app_turnoutgroup_cows_pkey; Type: CONSTRAINT; Schema: public; Owner: cattle_user
--

ALTER TABLE ONLY public.cattle_tracker_app_turnoutgroup_cows
    ADD CONSTRAINT cattle_tracker_app_turnoutgroup_cows_pkey PRIMARY KEY (id);


--
-- Name: cattle_tracker_app_turnoutgroup_owners cattle_tracker_app_turnoutgroup_owners_pkey; Type: CONSTRAINT; Schema: public; Owner: cattle_user
--

ALTER TABLE ONLY public.cattle_tracker_app_turnoutgroup_owners
    ADD CONSTRAINT cattle_tracker_app_turnoutgroup_owners_pkey PRIMARY KEY (id);


--
-- Name: cattle_tracker_app_vaccinationrecord cattle_tracker_app_vaccinationrecord_pkey; Type: CONSTRAINT; Schema: public; Owner: cattle_user
--

ALTER TABLE ONLY public.cattle_tracker_app_vaccinationrecord
    ADD CONSTRAINT cattle_tracker_app_vaccinationrecord_pkey PRIMARY KEY (id);


--
-- Name: cattle_tracker_app_weightlog cattle_tracker_app_weightlog_pkey; Type: CONSTRAINT; Schema: public; Owner: cattle_user
--

ALTER TABLE ONLY public.cattle_tracker_app_weightlog
    ADD CONSTRAINT cattle_tracker_app_weightlog_pkey PRIMARY KEY (id);


--
-- Name: cattle_tracker_breedinghistory cattle_tracker_breedinghistory_pkey; Type: CONSTRAINT; Schema: public; Owner: cattle_user
--

ALTER TABLE ONLY public.cattle_tracker_breedinghistory
    ADD CONSTRAINT cattle_tracker_breedinghistory_pkey PRIMARY KEY (id);


--
-- Name: cattle_tracker_breedingrecord cattle_tracker_breedingrecord_pkey; Type: CONSTRAINT; Schema: public; Owner: cattle_user
--

ALTER TABLE ONLY public.cattle_tracker_breedingrecord
    ADD CONSTRAINT cattle_tracker_breedingrecord_pkey PRIMARY KEY (id);


--
-- Name: cattle_tracker_calvingrecord cattle_tracker_calvingrecord_calf_id_key; Type: CONSTRAINT; Schema: public; Owner: cattle_user
--

ALTER TABLE ONLY public.cattle_tracker_calvingrecord
    ADD CONSTRAINT cattle_tracker_calvingrecord_calf_id_key UNIQUE (calf_id);


--
-- Name: cattle_tracker_calvingrecord cattle_tracker_calvingrecord_pkey; Type: CONSTRAINT; Schema: public; Owner: cattle_user
--

ALTER TABLE ONLY public.cattle_tracker_calvingrecord
    ADD CONSTRAINT cattle_tracker_calvingrecord_pkey PRIMARY KEY (id);


--
-- Name: cattle_tracker_cattle cattle_tracker_cattle_ear_tag_key; Type: CONSTRAINT; Schema: public; Owner: cattle_user
--

ALTER TABLE ONLY public.cattle_tracker_cattle
    ADD CONSTRAINT cattle_tracker_cattle_ear_tag_key UNIQUE (ear_tag);


--
-- Name: cattle_tracker_cattle cattle_tracker_cattle_pkey; Type: CONSTRAINT; Schema: public; Owner: cattle_user
--

ALTER TABLE ONLY public.cattle_tracker_cattle
    ADD CONSTRAINT cattle_tracker_cattle_pkey PRIMARY KEY (id);


--
-- Name: cattle_tracker_healthrecord cattle_tracker_healthrecord_pkey; Type: CONSTRAINT; Schema: public; Owner: cattle_user
--

ALTER TABLE ONLY public.cattle_tracker_healthrecord
    ADD CONSTRAINT cattle_tracker_healthrecord_pkey PRIMARY KEY (id);


--
-- Name: cattle_tracker_illnessrecord cattle_tracker_illnessrecord_pkey; Type: CONSTRAINT; Schema: public; Owner: cattle_user
--

ALTER TABLE ONLY public.cattle_tracker_illnessrecord
    ADD CONSTRAINT cattle_tracker_illnessrecord_pkey PRIMARY KEY (id);


--
-- Name: cattle_tracker_pregnancyrecord cattle_tracker_pregnancyrecord_pkey; Type: CONSTRAINT; Schema: public; Owner: cattle_user
--

ALTER TABLE ONLY public.cattle_tracker_pregnancyrecord
    ADD CONSTRAINT cattle_tracker_pregnancyrecord_pkey PRIMARY KEY (id);


--
-- Name: cattle_tracker_vaccinationrecord cattle_tracker_vaccinationrecord_pkey; Type: CONSTRAINT; Schema: public; Owner: cattle_user
--

ALTER TABLE ONLY public.cattle_tracker_vaccinationrecord
    ADD CONSTRAINT cattle_tracker_vaccinationrecord_pkey PRIMARY KEY (id);


--
-- Name: django_admin_log django_admin_log_pkey; Type: CONSTRAINT; Schema: public; Owner: cattle_user
--

ALTER TABLE ONLY public.django_admin_log
    ADD CONSTRAINT django_admin_log_pkey PRIMARY KEY (id);


--
-- Name: django_celery_beat_clockedschedule django_celery_beat_clockedschedule_pkey; Type: CONSTRAINT; Schema: public; Owner: cattle_user
--

ALTER TABLE ONLY public.django_celery_beat_clockedschedule
    ADD CONSTRAINT django_celery_beat_clockedschedule_pkey PRIMARY KEY (id);


--
-- Name: django_celery_beat_crontabschedule django_celery_beat_crontabschedule_pkey; Type: CONSTRAINT; Schema: public; Owner: cattle_user
--

ALTER TABLE ONLY public.django_celery_beat_crontabschedule
    ADD CONSTRAINT django_celery_beat_crontabschedule_pkey PRIMARY KEY (id);


--
-- Name: django_celery_beat_intervalschedule django_celery_beat_intervalschedule_pkey; Type: CONSTRAINT; Schema: public; Owner: cattle_user
--

ALTER TABLE ONLY public.django_celery_beat_intervalschedule
    ADD CONSTRAINT django_celery_beat_intervalschedule_pkey PRIMARY KEY (id);


--
-- Name: django_celery_beat_periodictask django_celery_beat_periodictask_name_key; Type: CONSTRAINT; Schema: public; Owner: cattle_user
--

ALTER TABLE ONLY public.django_celery_beat_periodictask
    ADD CONSTRAINT django_celery_beat_periodictask_name_key UNIQUE (name);


--
-- Name: django_celery_beat_periodictask django_celery_beat_periodictask_pkey; Type: CONSTRAINT; Schema: public; Owner: cattle_user
--

ALTER TABLE ONLY public.django_celery_beat_periodictask
    ADD CONSTRAINT django_celery_beat_periodictask_pkey PRIMARY KEY (id);


--
-- Name: django_celery_beat_periodictasks django_celery_beat_periodictasks_pkey; Type: CONSTRAINT; Schema: public; Owner: cattle_user
--

ALTER TABLE ONLY public.django_celery_beat_periodictasks
    ADD CONSTRAINT django_celery_beat_periodictasks_pkey PRIMARY KEY (ident);


--
-- Name: django_celery_beat_solarschedule django_celery_beat_solar_event_latitude_longitude_ba64999a_uniq; Type: CONSTRAINT; Schema: public; Owner: cattle_user
--

ALTER TABLE ONLY public.django_celery_beat_solarschedule
    ADD CONSTRAINT django_celery_beat_solar_event_latitude_longitude_ba64999a_uniq UNIQUE (event, latitude, longitude);


--
-- Name: django_celery_beat_solarschedule django_celery_beat_solarschedule_pkey; Type: CONSTRAINT; Schema: public; Owner: cattle_user
--

ALTER TABLE ONLY public.django_celery_beat_solarschedule
    ADD CONSTRAINT django_celery_beat_solarschedule_pkey PRIMARY KEY (id);


--
-- Name: django_content_type django_content_type_app_label_model_76bd3d3b_uniq; Type: CONSTRAINT; Schema: public; Owner: cattle_user
--

ALTER TABLE ONLY public.django_content_type
    ADD CONSTRAINT django_content_type_app_label_model_76bd3d3b_uniq UNIQUE (app_label, model);


--
-- Name: django_content_type django_content_type_pkey; Type: CONSTRAINT; Schema: public; Owner: cattle_user
--

ALTER TABLE ONLY public.django_content_type
    ADD CONSTRAINT django_content_type_pkey PRIMARY KEY (id);


--
-- Name: django_migrations django_migrations_pkey; Type: CONSTRAINT; Schema: public; Owner: cattle_user
--

ALTER TABLE ONLY public.django_migrations
    ADD CONSTRAINT django_migrations_pkey PRIMARY KEY (id);


--
-- Name: django_session django_session_pkey; Type: CONSTRAINT; Schema: public; Owner: cattle_user
--

ALTER TABLE ONLY public.django_session
    ADD CONSTRAINT django_session_pkey PRIMARY KEY (session_key);


--
-- Name: auth_group_name_a6ea08ec_like; Type: INDEX; Schema: public; Owner: cattle_user
--

CREATE INDEX auth_group_name_a6ea08ec_like ON public.auth_group USING btree (name varchar_pattern_ops);


--
-- Name: auth_group_permissions_group_id_b120cbf9; Type: INDEX; Schema: public; Owner: cattle_user
--

CREATE INDEX auth_group_permissions_group_id_b120cbf9 ON public.auth_group_permissions USING btree (group_id);


--
-- Name: auth_group_permissions_permission_id_84c5c92e; Type: INDEX; Schema: public; Owner: cattle_user
--

CREATE INDEX auth_group_permissions_permission_id_84c5c92e ON public.auth_group_permissions USING btree (permission_id);


--
-- Name: auth_permission_content_type_id_2f476e4b; Type: INDEX; Schema: public; Owner: cattle_user
--

CREATE INDEX auth_permission_content_type_id_2f476e4b ON public.auth_permission USING btree (content_type_id);


--
-- Name: auth_user_groups_group_id_97559544; Type: INDEX; Schema: public; Owner: cattle_user
--

CREATE INDEX auth_user_groups_group_id_97559544 ON public.auth_user_groups USING btree (group_id);


--
-- Name: auth_user_groups_user_id_6a12ed8b; Type: INDEX; Schema: public; Owner: cattle_user
--

CREATE INDEX auth_user_groups_user_id_6a12ed8b ON public.auth_user_groups USING btree (user_id);


--
-- Name: auth_user_user_permissions_permission_id_1fbb5f2c; Type: INDEX; Schema: public; Owner: cattle_user
--

CREATE INDEX auth_user_user_permissions_permission_id_1fbb5f2c ON public.auth_user_user_permissions USING btree (permission_id);


--
-- Name: auth_user_user_permissions_user_id_a95ead1b; Type: INDEX; Schema: public; Owner: cattle_user
--

CREATE INDEX auth_user_user_permissions_user_id_a95ead1b ON public.auth_user_user_permissions USING btree (user_id);


--
-- Name: auth_user_username_6821ab7c_like; Type: INDEX; Schema: public; Owner: cattle_user
--

CREATE INDEX auth_user_username_6821ab7c_like ON public.auth_user USING btree (username varchar_pattern_ops);


--
-- Name: cattle_tracker_alert_cattle_id_137699d9; Type: INDEX; Schema: public; Owner: cattle_user
--

CREATE INDEX cattle_tracker_alert_cattle_id_137699d9 ON public.cattle_tracker_alert USING btree (cattle_id);


--
-- Name: cattle_tracker_app_alert_cattle_id_a2447e4a; Type: INDEX; Schema: public; Owner: cattle_user
--

CREATE INDEX cattle_tracker_app_alert_cattle_id_a2447e4a ON public.cattle_tracker_app_alert USING btree (cattle_id);


--
-- Name: cattle_tracker_app_breedinghistory_bull_id_c90690b1; Type: INDEX; Schema: public; Owner: cattle_user
--

CREATE INDEX cattle_tracker_app_breedinghistory_bull_id_c90690b1 ON public.cattle_tracker_app_breedinghistory USING btree (bull_id);


--
-- Name: cattle_tracker_app_breedinghistory_cow_id_3b03cb61; Type: INDEX; Schema: public; Owner: cattle_user
--

CREATE INDEX cattle_tracker_app_breedinghistory_cow_id_3b03cb61 ON public.cattle_tracker_app_breedinghistory USING btree (cow_id);


--
-- Name: cattle_tracker_app_breedinghistory_offspring_id_85309c5a; Type: INDEX; Schema: public; Owner: cattle_user
--

CREATE INDEX cattle_tracker_app_breedinghistory_offspring_id_85309c5a ON public.cattle_tracker_app_breedinghistory USING btree (offspring_id);


--
-- Name: cattle_tracker_app_breedingrecord_bull_id_ef2ff956; Type: INDEX; Schema: public; Owner: cattle_user
--

CREATE INDEX cattle_tracker_app_breedingrecord_bull_id_ef2ff956 ON public.cattle_tracker_app_breedingrecord USING btree (bull_id);


--
-- Name: cattle_tracker_app_breedingrecord_cleanup_herd_sire_id_7f6a6321; Type: INDEX; Schema: public; Owner: cattle_user
--

CREATE INDEX cattle_tracker_app_breedingrecord_cleanup_herd_sire_id_7f6a6321 ON public.cattle_tracker_app_breedingrecord USING btree (cleanup_herd_sire_id);


--
-- Name: cattle_tracker_app_breedingrecord_cleanup_sire_id_696b2805; Type: INDEX; Schema: public; Owner: cattle_user
--

CREATE INDEX cattle_tracker_app_breedingrecord_cleanup_sire_id_696b2805 ON public.cattle_tracker_app_breedingrecord USING btree (cleanup_sire_id);


--
-- Name: cattle_tracker_app_breedingrecord_cow_id_94692b31; Type: INDEX; Schema: public; Owner: cattle_user
--

CREATE INDEX cattle_tracker_app_breedingrecord_cow_id_94692b31 ON public.cattle_tracker_app_breedingrecord USING btree (cow_id);


--
-- Name: cattle_tracker_app_breedingrecord_herd_sire_id_5a854b49; Type: INDEX; Schema: public; Owner: cattle_user
--

CREATE INDEX cattle_tracker_app_breedingrecord_herd_sire_id_5a854b49 ON public.cattle_tracker_app_breedingrecord USING btree (herd_sire_id);


--
-- Name: cattle_tracker_app_calvingrecord_dam_id_2d136cf4; Type: INDEX; Schema: public; Owner: cattle_user
--

CREATE INDEX cattle_tracker_app_calvingrecord_dam_id_2d136cf4 ON public.cattle_tracker_app_calvingrecord USING btree (dam_id);


--
-- Name: cattle_tracker_app_calvingrecord_sire_id_f34330d3; Type: INDEX; Schema: public; Owner: cattle_user
--

CREATE INDEX cattle_tracker_app_calvingrecord_sire_id_f34330d3 ON public.cattle_tracker_app_calvingrecord USING btree (sire_id);


--
-- Name: cattle_tracker_app_cattle_dam_id_b350fb40; Type: INDEX; Schema: public; Owner: cattle_user
--

CREATE INDEX cattle_tracker_app_cattle_dam_id_b350fb40 ON public.cattle_tracker_app_cattle USING btree (dam_id);


--
-- Name: cattle_tracker_app_cattle_ear_tag_eb10254e_like; Type: INDEX; Schema: public; Owner: cattle_user
--

CREATE INDEX cattle_tracker_app_cattle_ear_tag_eb10254e_like ON public.cattle_tracker_app_cattle USING btree (ear_tag varchar_pattern_ops);


--
-- Name: cattle_tracker_app_cattle_herd_sire_id_54333984; Type: INDEX; Schema: public; Owner: cattle_user
--

CREATE INDEX cattle_tracker_app_cattle_herd_sire_id_54333984 ON public.cattle_tracker_app_cattle USING btree (herd_sire_id);


--
-- Name: cattle_tracker_app_cattle_owner_id_f81e16a2; Type: INDEX; Schema: public; Owner: cattle_user
--

CREATE INDEX cattle_tracker_app_cattle_owner_id_f81e16a2 ON public.cattle_tracker_app_cattle USING btree (owner_id);


--
-- Name: cattle_tracker_app_cattle_pasture_id_569a3a9b; Type: INDEX; Schema: public; Owner: cattle_user
--

CREATE INDEX cattle_tracker_app_cattle_pasture_id_569a3a9b ON public.cattle_tracker_app_cattle USING btree (pasture_id);


--
-- Name: cattle_tracker_app_cattle_sire_id_c20aa615; Type: INDEX; Schema: public; Owner: cattle_user
--

CREATE INDEX cattle_tracker_app_cattle_sire_id_c20aa615 ON public.cattle_tracker_app_cattle USING btree (sire_id);


--
-- Name: cattle_tracker_app_healthrecord_cattle_id_97324736; Type: INDEX; Schema: public; Owner: cattle_user
--

CREATE INDEX cattle_tracker_app_healthrecord_cattle_id_97324736 ON public.cattle_tracker_app_healthrecord USING btree (cattle_id);


--
-- Name: cattle_tracker_app_illnessrecord_cattle_id_4e965c65; Type: INDEX; Schema: public; Owner: cattle_user
--

CREATE INDEX cattle_tracker_app_illnessrecord_cattle_id_4e965c65 ON public.cattle_tracker_app_illnessrecord USING btree (cattle_id);


--
-- Name: cattle_tracker_app_importlog_imported_by_id_1bfcb6d6; Type: INDEX; Schema: public; Owner: cattle_user
--

CREATE INDEX cattle_tracker_app_importlog_imported_by_id_1bfcb6d6 ON public.cattle_tracker_app_importlog USING btree (imported_by_id);


--
-- Name: cattle_tracker_app_owneruseraccess_owner_id_548f3448; Type: INDEX; Schema: public; Owner: cattle_user
--

CREATE INDEX cattle_tracker_app_owneruseraccess_owner_id_548f3448 ON public.cattle_tracker_app_owneruseraccess USING btree (owner_id);


--
-- Name: cattle_tracker_app_owneruseraccess_user_id_2dba628a; Type: INDEX; Schema: public; Owner: cattle_user
--

CREATE INDEX cattle_tracker_app_owneruseraccess_user_id_2dba628a ON public.cattle_tracker_app_owneruseraccess USING btree (user_id);


--
-- Name: cattle_tracker_app_pregnancyrecord_breeding_record_id_9c7de77c; Type: INDEX; Schema: public; Owner: cattle_user
--

CREATE INDEX cattle_tracker_app_pregnancyrecord_breeding_record_id_9c7de77c ON public.cattle_tracker_app_pregnancyrecord USING btree (breeding_record_id);


--
-- Name: cattle_tracker_app_pregnancyrecord_cow_id_43eb3fab; Type: INDEX; Schema: public; Owner: cattle_user
--

CREATE INDEX cattle_tracker_app_pregnancyrecord_cow_id_43eb3fab ON public.cattle_tracker_app_pregnancyrecord USING btree (cow_id);


--
-- Name: cattle_tracker_app_turnoutgroup_bulls_cattle_id_f0f034bb; Type: INDEX; Schema: public; Owner: cattle_user
--

CREATE INDEX cattle_tracker_app_turnoutgroup_bulls_cattle_id_f0f034bb ON public.cattle_tracker_app_turnoutgroup_bulls USING btree (cattle_id);


--
-- Name: cattle_tracker_app_turnoutgroup_bulls_turnoutgroup_id_c2c13972; Type: INDEX; Schema: public; Owner: cattle_user
--

CREATE INDEX cattle_tracker_app_turnoutgroup_bulls_turnoutgroup_id_c2c13972 ON public.cattle_tracker_app_turnoutgroup_bulls USING btree (turnoutgroup_id);


--
-- Name: cattle_tracker_app_turnoutgroup_cows_cattle_id_555351fa; Type: INDEX; Schema: public; Owner: cattle_user
--

CREATE INDEX cattle_tracker_app_turnoutgroup_cows_cattle_id_555351fa ON public.cattle_tracker_app_turnoutgroup_cows USING btree (cattle_id);


--
-- Name: cattle_tracker_app_turnoutgroup_cows_turnoutgroup_id_7f4ff66b; Type: INDEX; Schema: public; Owner: cattle_user
--

CREATE INDEX cattle_tracker_app_turnoutgroup_cows_turnoutgroup_id_7f4ff66b ON public.cattle_tracker_app_turnoutgroup_cows USING btree (turnoutgroup_id);


--
-- Name: cattle_tracker_app_turnoutgroup_owners_owner_id_d4faff44; Type: INDEX; Schema: public; Owner: cattle_user
--

CREATE INDEX cattle_tracker_app_turnoutgroup_owners_owner_id_d4faff44 ON public.cattle_tracker_app_turnoutgroup_owners USING btree (owner_id);


--
-- Name: cattle_tracker_app_turnoutgroup_owners_turnoutgroup_id_e2a317dd; Type: INDEX; Schema: public; Owner: cattle_user
--

CREATE INDEX cattle_tracker_app_turnoutgroup_owners_turnoutgroup_id_e2a317dd ON public.cattle_tracker_app_turnoutgroup_owners USING btree (turnoutgroup_id);


--
-- Name: cattle_tracker_app_vaccinationrecord_cattle_id_5af96168; Type: INDEX; Schema: public; Owner: cattle_user
--

CREATE INDEX cattle_tracker_app_vaccinationrecord_cattle_id_5af96168 ON public.cattle_tracker_app_vaccinationrecord USING btree (cattle_id);


--
-- Name: cattle_tracker_app_weightlog_cattle_id_c11662c6; Type: INDEX; Schema: public; Owner: cattle_user
--

CREATE INDEX cattle_tracker_app_weightlog_cattle_id_c11662c6 ON public.cattle_tracker_app_weightlog USING btree (cattle_id);


--
-- Name: cattle_tracker_breedinghistory_bull_id_d5f38946; Type: INDEX; Schema: public; Owner: cattle_user
--

CREATE INDEX cattle_tracker_breedinghistory_bull_id_d5f38946 ON public.cattle_tracker_breedinghistory USING btree (bull_id);


--
-- Name: cattle_tracker_breedinghistory_cow_id_bef9559a; Type: INDEX; Schema: public; Owner: cattle_user
--

CREATE INDEX cattle_tracker_breedinghistory_cow_id_bef9559a ON public.cattle_tracker_breedinghistory USING btree (cow_id);


--
-- Name: cattle_tracker_breedinghistory_offspring_id_d4718dba; Type: INDEX; Schema: public; Owner: cattle_user
--

CREATE INDEX cattle_tracker_breedinghistory_offspring_id_d4718dba ON public.cattle_tracker_breedinghistory USING btree (offspring_id);


--
-- Name: cattle_tracker_breedingrecord_bull_id_020cec9d; Type: INDEX; Schema: public; Owner: cattle_user
--

CREATE INDEX cattle_tracker_breedingrecord_bull_id_020cec9d ON public.cattle_tracker_breedingrecord USING btree (bull_id);


--
-- Name: cattle_tracker_breedingrecord_cow_id_87dae587; Type: INDEX; Schema: public; Owner: cattle_user
--

CREATE INDEX cattle_tracker_breedingrecord_cow_id_87dae587 ON public.cattle_tracker_breedingrecord USING btree (cow_id);


--
-- Name: cattle_tracker_calvingrecord_dam_id_ffc08488; Type: INDEX; Schema: public; Owner: cattle_user
--

CREATE INDEX cattle_tracker_calvingrecord_dam_id_ffc08488 ON public.cattle_tracker_calvingrecord USING btree (dam_id);


--
-- Name: cattle_tracker_calvingrecord_sire_id_69f467b8; Type: INDEX; Schema: public; Owner: cattle_user
--

CREATE INDEX cattle_tracker_calvingrecord_sire_id_69f467b8 ON public.cattle_tracker_calvingrecord USING btree (sire_id);


--
-- Name: cattle_tracker_cattle_dam_id_6abbbe6e; Type: INDEX; Schema: public; Owner: cattle_user
--

CREATE INDEX cattle_tracker_cattle_dam_id_6abbbe6e ON public.cattle_tracker_cattle USING btree (dam_id);


--
-- Name: cattle_tracker_cattle_ear_tag_574c72b6_like; Type: INDEX; Schema: public; Owner: cattle_user
--

CREATE INDEX cattle_tracker_cattle_ear_tag_574c72b6_like ON public.cattle_tracker_cattle USING btree (ear_tag varchar_pattern_ops);


--
-- Name: cattle_tracker_cattle_sire_id_645f6df2; Type: INDEX; Schema: public; Owner: cattle_user
--

CREATE INDEX cattle_tracker_cattle_sire_id_645f6df2 ON public.cattle_tracker_cattle USING btree (sire_id);


--
-- Name: cattle_tracker_healthrecord_cattle_id_485c202d; Type: INDEX; Schema: public; Owner: cattle_user
--

CREATE INDEX cattle_tracker_healthrecord_cattle_id_485c202d ON public.cattle_tracker_healthrecord USING btree (cattle_id);


--
-- Name: cattle_tracker_illnessrecord_cattle_id_25118aeb; Type: INDEX; Schema: public; Owner: cattle_user
--

CREATE INDEX cattle_tracker_illnessrecord_cattle_id_25118aeb ON public.cattle_tracker_illnessrecord USING btree (cattle_id);


--
-- Name: cattle_tracker_pregnancyrecord_breeding_record_id_70a7a2cc; Type: INDEX; Schema: public; Owner: cattle_user
--

CREATE INDEX cattle_tracker_pregnancyrecord_breeding_record_id_70a7a2cc ON public.cattle_tracker_pregnancyrecord USING btree (breeding_record_id);


--
-- Name: cattle_tracker_pregnancyrecord_cow_id_e9c02fdb; Type: INDEX; Schema: public; Owner: cattle_user
--

CREATE INDEX cattle_tracker_pregnancyrecord_cow_id_e9c02fdb ON public.cattle_tracker_pregnancyrecord USING btree (cow_id);


--
-- Name: cattle_tracker_vaccinationrecord_cattle_id_0b0d64e3; Type: INDEX; Schema: public; Owner: cattle_user
--

CREATE INDEX cattle_tracker_vaccinationrecord_cattle_id_0b0d64e3 ON public.cattle_tracker_vaccinationrecord USING btree (cattle_id);


--
-- Name: django_admin_log_content_type_id_c4bce8eb; Type: INDEX; Schema: public; Owner: cattle_user
--

CREATE INDEX django_admin_log_content_type_id_c4bce8eb ON public.django_admin_log USING btree (content_type_id);


--
-- Name: django_admin_log_user_id_c564eba6; Type: INDEX; Schema: public; Owner: cattle_user
--

CREATE INDEX django_admin_log_user_id_c564eba6 ON public.django_admin_log USING btree (user_id);


--
-- Name: django_celery_beat_periodictask_clocked_id_47a69f82; Type: INDEX; Schema: public; Owner: cattle_user
--

CREATE INDEX django_celery_beat_periodictask_clocked_id_47a69f82 ON public.django_celery_beat_periodictask USING btree (clocked_id);


--
-- Name: django_celery_beat_periodictask_crontab_id_d3cba168; Type: INDEX; Schema: public; Owner: cattle_user
--

CREATE INDEX django_celery_beat_periodictask_crontab_id_d3cba168 ON public.django_celery_beat_periodictask USING btree (crontab_id);


--
-- Name: django_celery_beat_periodictask_interval_id_a8ca27da; Type: INDEX; Schema: public; Owner: cattle_user
--

CREATE INDEX django_celery_beat_periodictask_interval_id_a8ca27da ON public.django_celery_beat_periodictask USING btree (interval_id);


--
-- Name: django_celery_beat_periodictask_name_265a36b7_like; Type: INDEX; Schema: public; Owner: cattle_user
--

CREATE INDEX django_celery_beat_periodictask_name_265a36b7_like ON public.django_celery_beat_periodictask USING btree (name varchar_pattern_ops);


--
-- Name: django_celery_beat_periodictask_solar_id_a87ce72c; Type: INDEX; Schema: public; Owner: cattle_user
--

CREATE INDEX django_celery_beat_periodictask_solar_id_a87ce72c ON public.django_celery_beat_periodictask USING btree (solar_id);


--
-- Name: django_session_expire_date_a5c62663; Type: INDEX; Schema: public; Owner: cattle_user
--

CREATE INDEX django_session_expire_date_a5c62663 ON public.django_session USING btree (expire_date);


--
-- Name: django_session_session_key_c0390e0f_like; Type: INDEX; Schema: public; Owner: cattle_user
--

CREATE INDEX django_session_session_key_c0390e0f_like ON public.django_session USING btree (session_key varchar_pattern_ops);


--
-- Name: auth_group_permissions auth_group_permissio_permission_id_84c5c92e_fk_auth_perm; Type: FK CONSTRAINT; Schema: public; Owner: cattle_user
--

ALTER TABLE ONLY public.auth_group_permissions
    ADD CONSTRAINT auth_group_permissio_permission_id_84c5c92e_fk_auth_perm FOREIGN KEY (permission_id) REFERENCES public.auth_permission(id) DEFERRABLE INITIALLY DEFERRED;


--
-- Name: auth_group_permissions auth_group_permissions_group_id_b120cbf9_fk_auth_group_id; Type: FK CONSTRAINT; Schema: public; Owner: cattle_user
--

ALTER TABLE ONLY public.auth_group_permissions
    ADD CONSTRAINT auth_group_permissions_group_id_b120cbf9_fk_auth_group_id FOREIGN KEY (group_id) REFERENCES public.auth_group(id) DEFERRABLE INITIALLY DEFERRED;


--
-- Name: auth_permission auth_permission_content_type_id_2f476e4b_fk_django_co; Type: FK CONSTRAINT; Schema: public; Owner: cattle_user
--

ALTER TABLE ONLY public.auth_permission
    ADD CONSTRAINT auth_permission_content_type_id_2f476e4b_fk_django_co FOREIGN KEY (content_type_id) REFERENCES public.django_content_type(id) DEFERRABLE INITIALLY DEFERRED;


--
-- Name: auth_user_groups auth_user_groups_group_id_97559544_fk_auth_group_id; Type: FK CONSTRAINT; Schema: public; Owner: cattle_user
--

ALTER TABLE ONLY public.auth_user_groups
    ADD CONSTRAINT auth_user_groups_group_id_97559544_fk_auth_group_id FOREIGN KEY (group_id) REFERENCES public.auth_group(id) DEFERRABLE INITIALLY DEFERRED;


--
-- Name: auth_user_groups auth_user_groups_user_id_6a12ed8b_fk_auth_user_id; Type: FK CONSTRAINT; Schema: public; Owner: cattle_user
--

ALTER TABLE ONLY public.auth_user_groups
    ADD CONSTRAINT auth_user_groups_user_id_6a12ed8b_fk_auth_user_id FOREIGN KEY (user_id) REFERENCES public.auth_user(id) DEFERRABLE INITIALLY DEFERRED;


--
-- Name: auth_user_user_permissions auth_user_user_permi_permission_id_1fbb5f2c_fk_auth_perm; Type: FK CONSTRAINT; Schema: public; Owner: cattle_user
--

ALTER TABLE ONLY public.auth_user_user_permissions
    ADD CONSTRAINT auth_user_user_permi_permission_id_1fbb5f2c_fk_auth_perm FOREIGN KEY (permission_id) REFERENCES public.auth_permission(id) DEFERRABLE INITIALLY DEFERRED;


--
-- Name: auth_user_user_permissions auth_user_user_permissions_user_id_a95ead1b_fk_auth_user_id; Type: FK CONSTRAINT; Schema: public; Owner: cattle_user
--

ALTER TABLE ONLY public.auth_user_user_permissions
    ADD CONSTRAINT auth_user_user_permissions_user_id_a95ead1b_fk_auth_user_id FOREIGN KEY (user_id) REFERENCES public.auth_user(id) DEFERRABLE INITIALLY DEFERRED;


--
-- Name: cattle_tracker_alert cattle_tracker_alert_cattle_id_137699d9_fk_cattle_tr; Type: FK CONSTRAINT; Schema: public; Owner: cattle_user
--

ALTER TABLE ONLY public.cattle_tracker_alert
    ADD CONSTRAINT cattle_tracker_alert_cattle_id_137699d9_fk_cattle_tr FOREIGN KEY (cattle_id) REFERENCES public.cattle_tracker_cattle(id) DEFERRABLE INITIALLY DEFERRED;


--
-- Name: cattle_tracker_app_alert cattle_tracker_app_a_cattle_id_a2447e4a_fk_cattle_tr; Type: FK CONSTRAINT; Schema: public; Owner: cattle_user
--

ALTER TABLE ONLY public.cattle_tracker_app_alert
    ADD CONSTRAINT cattle_tracker_app_a_cattle_id_a2447e4a_fk_cattle_tr FOREIGN KEY (cattle_id) REFERENCES public.cattle_tracker_app_cattle(id) DEFERRABLE INITIALLY DEFERRED;


--
-- Name: cattle_tracker_app_breedinghistory cattle_tracker_app_b_bull_id_c90690b1_fk_cattle_tr; Type: FK CONSTRAINT; Schema: public; Owner: cattle_user
--

ALTER TABLE ONLY public.cattle_tracker_app_breedinghistory
    ADD CONSTRAINT cattle_tracker_app_b_bull_id_c90690b1_fk_cattle_tr FOREIGN KEY (bull_id) REFERENCES public.cattle_tracker_app_cattle(id) DEFERRABLE INITIALLY DEFERRED;


--
-- Name: cattle_tracker_app_breedingrecord cattle_tracker_app_b_bull_id_ef2ff956_fk_cattle_tr; Type: FK CONSTRAINT; Schema: public; Owner: cattle_user
--

ALTER TABLE ONLY public.cattle_tracker_app_breedingrecord
    ADD CONSTRAINT cattle_tracker_app_b_bull_id_ef2ff956_fk_cattle_tr FOREIGN KEY (bull_id) REFERENCES public.cattle_tracker_app_cattle(id) DEFERRABLE INITIALLY DEFERRED;


--
-- Name: cattle_tracker_app_breedingrecord cattle_tracker_app_b_cleanup_sire_id_696b2805_fk_cattle_tr; Type: FK CONSTRAINT; Schema: public; Owner: cattle_user
--

ALTER TABLE ONLY public.cattle_tracker_app_breedingrecord
    ADD CONSTRAINT cattle_tracker_app_b_cleanup_sire_id_696b2805_fk_cattle_tr FOREIGN KEY (cleanup_sire_id) REFERENCES public.cattle_tracker_app_cattle(id) DEFERRABLE INITIALLY DEFERRED;


--
-- Name: cattle_tracker_app_breedinghistory cattle_tracker_app_b_cow_id_3b03cb61_fk_cattle_tr; Type: FK CONSTRAINT; Schema: public; Owner: cattle_user
--

ALTER TABLE ONLY public.cattle_tracker_app_breedinghistory
    ADD CONSTRAINT cattle_tracker_app_b_cow_id_3b03cb61_fk_cattle_tr FOREIGN KEY (cow_id) REFERENCES public.cattle_tracker_app_cattle(id) DEFERRABLE INITIALLY DEFERRED;


--
-- Name: cattle_tracker_app_breedingrecord cattle_tracker_app_b_cow_id_94692b31_fk_cattle_tr; Type: FK CONSTRAINT; Schema: public; Owner: cattle_user
--

ALTER TABLE ONLY public.cattle_tracker_app_breedingrecord
    ADD CONSTRAINT cattle_tracker_app_b_cow_id_94692b31_fk_cattle_tr FOREIGN KEY (cow_id) REFERENCES public.cattle_tracker_app_cattle(id) DEFERRABLE INITIALLY DEFERRED;


--
-- Name: cattle_tracker_app_breedinghistory cattle_tracker_app_b_offspring_id_85309c5a_fk_cattle_tr; Type: FK CONSTRAINT; Schema: public; Owner: cattle_user
--

ALTER TABLE ONLY public.cattle_tracker_app_breedinghistory
    ADD CONSTRAINT cattle_tracker_app_b_offspring_id_85309c5a_fk_cattle_tr FOREIGN KEY (offspring_id) REFERENCES public.cattle_tracker_app_cattle(id) DEFERRABLE INITIALLY DEFERRED;


--
-- Name: cattle_tracker_app_calvingrecord cattle_tracker_app_c_calf_id_3fdfa73c_fk_cattle_tr; Type: FK CONSTRAINT; Schema: public; Owner: cattle_user
--

ALTER TABLE ONLY public.cattle_tracker_app_calvingrecord
    ADD CONSTRAINT cattle_tracker_app_c_calf_id_3fdfa73c_fk_cattle_tr FOREIGN KEY (calf_id) REFERENCES public.cattle_tracker_app_cattle(id) DEFERRABLE INITIALLY DEFERRED;


--
-- Name: cattle_tracker_app_calvingrecord cattle_tracker_app_c_dam_id_2d136cf4_fk_cattle_tr; Type: FK CONSTRAINT; Schema: public; Owner: cattle_user
--

ALTER TABLE ONLY public.cattle_tracker_app_calvingrecord
    ADD CONSTRAINT cattle_tracker_app_c_dam_id_2d136cf4_fk_cattle_tr FOREIGN KEY (dam_id) REFERENCES public.cattle_tracker_app_cattle(id) DEFERRABLE INITIALLY DEFERRED;


--
-- Name: cattle_tracker_app_cattle cattle_tracker_app_c_dam_id_b350fb40_fk_cattle_tr; Type: FK CONSTRAINT; Schema: public; Owner: cattle_user
--

ALTER TABLE ONLY public.cattle_tracker_app_cattle
    ADD CONSTRAINT cattle_tracker_app_c_dam_id_b350fb40_fk_cattle_tr FOREIGN KEY (dam_id) REFERENCES public.cattle_tracker_app_cattle(id) DEFERRABLE INITIALLY DEFERRED;


--
-- Name: cattle_tracker_app_cattle cattle_tracker_app_c_owner_id_f81e16a2_fk_cattle_tr; Type: FK CONSTRAINT; Schema: public; Owner: cattle_user
--

ALTER TABLE ONLY public.cattle_tracker_app_cattle
    ADD CONSTRAINT cattle_tracker_app_c_owner_id_f81e16a2_fk_cattle_tr FOREIGN KEY (owner_id) REFERENCES public.cattle_tracker_app_owner(id) DEFERRABLE INITIALLY DEFERRED;


--
-- Name: cattle_tracker_app_cattle cattle_tracker_app_c_sire_id_c20aa615_fk_cattle_tr; Type: FK CONSTRAINT; Schema: public; Owner: cattle_user
--

ALTER TABLE ONLY public.cattle_tracker_app_cattle
    ADD CONSTRAINT cattle_tracker_app_c_sire_id_c20aa615_fk_cattle_tr FOREIGN KEY (sire_id) REFERENCES public.cattle_tracker_app_cattle(id) DEFERRABLE INITIALLY DEFERRED;


--
-- Name: cattle_tracker_app_calvingrecord cattle_tracker_app_c_sire_id_f34330d3_fk_cattle_tr; Type: FK CONSTRAINT; Schema: public; Owner: cattle_user
--

ALTER TABLE ONLY public.cattle_tracker_app_calvingrecord
    ADD CONSTRAINT cattle_tracker_app_c_sire_id_f34330d3_fk_cattle_tr FOREIGN KEY (sire_id) REFERENCES public.cattle_tracker_app_cattle(id) DEFERRABLE INITIALLY DEFERRED;


--
-- Name: cattle_tracker_app_healthrecord cattle_tracker_app_h_cattle_id_97324736_fk_cattle_tr; Type: FK CONSTRAINT; Schema: public; Owner: cattle_user
--

ALTER TABLE ONLY public.cattle_tracker_app_healthrecord
    ADD CONSTRAINT cattle_tracker_app_h_cattle_id_97324736_fk_cattle_tr FOREIGN KEY (cattle_id) REFERENCES public.cattle_tracker_app_cattle(id) DEFERRABLE INITIALLY DEFERRED;


--
-- Name: cattle_tracker_app_illnessrecord cattle_tracker_app_i_cattle_id_4e965c65_fk_cattle_tr; Type: FK CONSTRAINT; Schema: public; Owner: cattle_user
--

ALTER TABLE ONLY public.cattle_tracker_app_illnessrecord
    ADD CONSTRAINT cattle_tracker_app_i_cattle_id_4e965c65_fk_cattle_tr FOREIGN KEY (cattle_id) REFERENCES public.cattle_tracker_app_cattle(id) DEFERRABLE INITIALLY DEFERRED;


--
-- Name: cattle_tracker_app_importlog cattle_tracker_app_i_imported_by_id_1bfcb6d6_fk_auth_user; Type: FK CONSTRAINT; Schema: public; Owner: cattle_user
--

ALTER TABLE ONLY public.cattle_tracker_app_importlog
    ADD CONSTRAINT cattle_tracker_app_i_imported_by_id_1bfcb6d6_fk_auth_user FOREIGN KEY (imported_by_id) REFERENCES public.auth_user(id) DEFERRABLE INITIALLY DEFERRED;


--
-- Name: cattle_tracker_app_owneruseraccess cattle_tracker_app_o_owner_id_548f3448_fk_cattle_tr; Type: FK CONSTRAINT; Schema: public; Owner: cattle_user
--

ALTER TABLE ONLY public.cattle_tracker_app_owneruseraccess
    ADD CONSTRAINT cattle_tracker_app_o_owner_id_548f3448_fk_cattle_tr FOREIGN KEY (owner_id) REFERENCES public.cattle_tracker_app_owner(id) DEFERRABLE INITIALLY DEFERRED;


--
-- Name: cattle_tracker_app_owneruseraccess cattle_tracker_app_o_user_id_2dba628a_fk_auth_user; Type: FK CONSTRAINT; Schema: public; Owner: cattle_user
--

ALTER TABLE ONLY public.cattle_tracker_app_owneruseraccess
    ADD CONSTRAINT cattle_tracker_app_o_user_id_2dba628a_fk_auth_user FOREIGN KEY (user_id) REFERENCES public.auth_user(id) DEFERRABLE INITIALLY DEFERRED;


--
-- Name: cattle_tracker_app_owner cattle_tracker_app_owner_user_id_04e342ed_fk_auth_user_id; Type: FK CONSTRAINT; Schema: public; Owner: cattle_user
--

ALTER TABLE ONLY public.cattle_tracker_app_owner
    ADD CONSTRAINT cattle_tracker_app_owner_user_id_04e342ed_fk_auth_user_id FOREIGN KEY (user_id) REFERENCES public.auth_user(id) DEFERRABLE INITIALLY DEFERRED;


--
-- Name: cattle_tracker_app_pregnancyrecord cattle_tracker_app_p_breeding_record_id_9c7de77c_fk_cattle_tr; Type: FK CONSTRAINT; Schema: public; Owner: cattle_user
--

ALTER TABLE ONLY public.cattle_tracker_app_pregnancyrecord
    ADD CONSTRAINT cattle_tracker_app_p_breeding_record_id_9c7de77c_fk_cattle_tr FOREIGN KEY (breeding_record_id) REFERENCES public.cattle_tracker_app_breedingrecord(id) DEFERRABLE INITIALLY DEFERRED;


--
-- Name: cattle_tracker_app_pregnancyrecord cattle_tracker_app_p_cow_id_43eb3fab_fk_cattle_tr; Type: FK CONSTRAINT; Schema: public; Owner: cattle_user
--

ALTER TABLE ONLY public.cattle_tracker_app_pregnancyrecord
    ADD CONSTRAINT cattle_tracker_app_p_cow_id_43eb3fab_fk_cattle_tr FOREIGN KEY (cow_id) REFERENCES public.cattle_tracker_app_cattle(id) DEFERRABLE INITIALLY DEFERRED;


--
-- Name: cattle_tracker_app_turnoutgroup_cows cattle_tracker_app_t_cattle_id_555351fa_fk_cattle_tr; Type: FK CONSTRAINT; Schema: public; Owner: cattle_user
--

ALTER TABLE ONLY public.cattle_tracker_app_turnoutgroup_cows
    ADD CONSTRAINT cattle_tracker_app_t_cattle_id_555351fa_fk_cattle_tr FOREIGN KEY (cattle_id) REFERENCES public.cattle_tracker_app_cattle(id) DEFERRABLE INITIALLY DEFERRED;


--
-- Name: cattle_tracker_app_turnoutgroup_bulls cattle_tracker_app_t_cattle_id_f0f034bb_fk_cattle_tr; Type: FK CONSTRAINT; Schema: public; Owner: cattle_user
--

ALTER TABLE ONLY public.cattle_tracker_app_turnoutgroup_bulls
    ADD CONSTRAINT cattle_tracker_app_t_cattle_id_f0f034bb_fk_cattle_tr FOREIGN KEY (cattle_id) REFERENCES public.cattle_tracker_app_cattle(id) DEFERRABLE INITIALLY DEFERRED;


--
-- Name: cattle_tracker_app_turnoutgroup_owners cattle_tracker_app_t_owner_id_d4faff44_fk_cattle_tr; Type: FK CONSTRAINT; Schema: public; Owner: cattle_user
--

ALTER TABLE ONLY public.cattle_tracker_app_turnoutgroup_owners
    ADD CONSTRAINT cattle_tracker_app_t_owner_id_d4faff44_fk_cattle_tr FOREIGN KEY (owner_id) REFERENCES public.cattle_tracker_app_owner(id) DEFERRABLE INITIALLY DEFERRED;


--
-- Name: cattle_tracker_app_vaccinationrecord cattle_tracker_app_v_cattle_id_5af96168_fk_cattle_tr; Type: FK CONSTRAINT; Schema: public; Owner: cattle_user
--

ALTER TABLE ONLY public.cattle_tracker_app_vaccinationrecord
    ADD CONSTRAINT cattle_tracker_app_v_cattle_id_5af96168_fk_cattle_tr FOREIGN KEY (cattle_id) REFERENCES public.cattle_tracker_app_cattle(id) DEFERRABLE INITIALLY DEFERRED;


--
-- Name: cattle_tracker_app_weightlog cattle_tracker_app_w_cattle_id_c11662c6_fk_cattle_tr; Type: FK CONSTRAINT; Schema: public; Owner: cattle_user
--

ALTER TABLE ONLY public.cattle_tracker_app_weightlog
    ADD CONSTRAINT cattle_tracker_app_w_cattle_id_c11662c6_fk_cattle_tr FOREIGN KEY (cattle_id) REFERENCES public.cattle_tracker_app_cattle(id) DEFERRABLE INITIALLY DEFERRED;


--
-- Name: cattle_tracker_breedingrecord cattle_tracker_breed_bull_id_020cec9d_fk_cattle_tr; Type: FK CONSTRAINT; Schema: public; Owner: cattle_user
--

ALTER TABLE ONLY public.cattle_tracker_breedingrecord
    ADD CONSTRAINT cattle_tracker_breed_bull_id_020cec9d_fk_cattle_tr FOREIGN KEY (bull_id) REFERENCES public.cattle_tracker_cattle(id) DEFERRABLE INITIALLY DEFERRED;


--
-- Name: cattle_tracker_breedinghistory cattle_tracker_breed_bull_id_d5f38946_fk_cattle_tr; Type: FK CONSTRAINT; Schema: public; Owner: cattle_user
--

ALTER TABLE ONLY public.cattle_tracker_breedinghistory
    ADD CONSTRAINT cattle_tracker_breed_bull_id_d5f38946_fk_cattle_tr FOREIGN KEY (bull_id) REFERENCES public.cattle_tracker_cattle(id) DEFERRABLE INITIALLY DEFERRED;


--
-- Name: cattle_tracker_breedingrecord cattle_tracker_breed_cow_id_87dae587_fk_cattle_tr; Type: FK CONSTRAINT; Schema: public; Owner: cattle_user
--

ALTER TABLE ONLY public.cattle_tracker_breedingrecord
    ADD CONSTRAINT cattle_tracker_breed_cow_id_87dae587_fk_cattle_tr FOREIGN KEY (cow_id) REFERENCES public.cattle_tracker_cattle(id) DEFERRABLE INITIALLY DEFERRED;


--
-- Name: cattle_tracker_breedinghistory cattle_tracker_breed_cow_id_bef9559a_fk_cattle_tr; Type: FK CONSTRAINT; Schema: public; Owner: cattle_user
--

ALTER TABLE ONLY public.cattle_tracker_breedinghistory
    ADD CONSTRAINT cattle_tracker_breed_cow_id_bef9559a_fk_cattle_tr FOREIGN KEY (cow_id) REFERENCES public.cattle_tracker_cattle(id) DEFERRABLE INITIALLY DEFERRED;


--
-- Name: cattle_tracker_breedinghistory cattle_tracker_breed_offspring_id_d4718dba_fk_cattle_tr; Type: FK CONSTRAINT; Schema: public; Owner: cattle_user
--

ALTER TABLE ONLY public.cattle_tracker_breedinghistory
    ADD CONSTRAINT cattle_tracker_breed_offspring_id_d4718dba_fk_cattle_tr FOREIGN KEY (offspring_id) REFERENCES public.cattle_tracker_cattle(id) DEFERRABLE INITIALLY DEFERRED;


--
-- Name: cattle_tracker_calvingrecord cattle_tracker_calvi_calf_id_d7c43604_fk_cattle_tr; Type: FK CONSTRAINT; Schema: public; Owner: cattle_user
--

ALTER TABLE ONLY public.cattle_tracker_calvingrecord
    ADD CONSTRAINT cattle_tracker_calvi_calf_id_d7c43604_fk_cattle_tr FOREIGN KEY (calf_id) REFERENCES public.cattle_tracker_cattle(id) DEFERRABLE INITIALLY DEFERRED;


--
-- Name: cattle_tracker_calvingrecord cattle_tracker_calvi_dam_id_ffc08488_fk_cattle_tr; Type: FK CONSTRAINT; Schema: public; Owner: cattle_user
--

ALTER TABLE ONLY public.cattle_tracker_calvingrecord
    ADD CONSTRAINT cattle_tracker_calvi_dam_id_ffc08488_fk_cattle_tr FOREIGN KEY (dam_id) REFERENCES public.cattle_tracker_cattle(id) DEFERRABLE INITIALLY DEFERRED;


--
-- Name: cattle_tracker_calvingrecord cattle_tracker_calvi_sire_id_69f467b8_fk_cattle_tr; Type: FK CONSTRAINT; Schema: public; Owner: cattle_user
--

ALTER TABLE ONLY public.cattle_tracker_calvingrecord
    ADD CONSTRAINT cattle_tracker_calvi_sire_id_69f467b8_fk_cattle_tr FOREIGN KEY (sire_id) REFERENCES public.cattle_tracker_cattle(id) DEFERRABLE INITIALLY DEFERRED;


--
-- Name: cattle_tracker_cattle cattle_tracker_cattl_dam_id_6abbbe6e_fk_cattle_tr; Type: FK CONSTRAINT; Schema: public; Owner: cattle_user
--

ALTER TABLE ONLY public.cattle_tracker_cattle
    ADD CONSTRAINT cattle_tracker_cattl_dam_id_6abbbe6e_fk_cattle_tr FOREIGN KEY (dam_id) REFERENCES public.cattle_tracker_cattle(id) DEFERRABLE INITIALLY DEFERRED;


--
-- Name: cattle_tracker_cattle cattle_tracker_cattl_sire_id_645f6df2_fk_cattle_tr; Type: FK CONSTRAINT; Schema: public; Owner: cattle_user
--

ALTER TABLE ONLY public.cattle_tracker_cattle
    ADD CONSTRAINT cattle_tracker_cattl_sire_id_645f6df2_fk_cattle_tr FOREIGN KEY (sire_id) REFERENCES public.cattle_tracker_cattle(id) DEFERRABLE INITIALLY DEFERRED;


--
-- Name: cattle_tracker_healthrecord cattle_tracker_healt_cattle_id_485c202d_fk_cattle_tr; Type: FK CONSTRAINT; Schema: public; Owner: cattle_user
--

ALTER TABLE ONLY public.cattle_tracker_healthrecord
    ADD CONSTRAINT cattle_tracker_healt_cattle_id_485c202d_fk_cattle_tr FOREIGN KEY (cattle_id) REFERENCES public.cattle_tracker_cattle(id) DEFERRABLE INITIALLY DEFERRED;


--
-- Name: cattle_tracker_illnessrecord cattle_tracker_illne_cattle_id_25118aeb_fk_cattle_tr; Type: FK CONSTRAINT; Schema: public; Owner: cattle_user
--

ALTER TABLE ONLY public.cattle_tracker_illnessrecord
    ADD CONSTRAINT cattle_tracker_illne_cattle_id_25118aeb_fk_cattle_tr FOREIGN KEY (cattle_id) REFERENCES public.cattle_tracker_cattle(id) DEFERRABLE INITIALLY DEFERRED;


--
-- Name: cattle_tracker_pregnancyrecord cattle_tracker_pregn_breeding_record_id_70a7a2cc_fk_cattle_tr; Type: FK CONSTRAINT; Schema: public; Owner: cattle_user
--

ALTER TABLE ONLY public.cattle_tracker_pregnancyrecord
    ADD CONSTRAINT cattle_tracker_pregn_breeding_record_id_70a7a2cc_fk_cattle_tr FOREIGN KEY (breeding_record_id) REFERENCES public.cattle_tracker_breedingrecord(id) DEFERRABLE INITIALLY DEFERRED;


--
-- Name: cattle_tracker_pregnancyrecord cattle_tracker_pregn_cow_id_e9c02fdb_fk_cattle_tr; Type: FK CONSTRAINT; Schema: public; Owner: cattle_user
--

ALTER TABLE ONLY public.cattle_tracker_pregnancyrecord
    ADD CONSTRAINT cattle_tracker_pregn_cow_id_e9c02fdb_fk_cattle_tr FOREIGN KEY (cow_id) REFERENCES public.cattle_tracker_cattle(id) DEFERRABLE INITIALLY DEFERRED;


--
-- Name: cattle_tracker_vaccinationrecord cattle_tracker_vacci_cattle_id_0b0d64e3_fk_cattle_tr; Type: FK CONSTRAINT; Schema: public; Owner: cattle_user
--

ALTER TABLE ONLY public.cattle_tracker_vaccinationrecord
    ADD CONSTRAINT cattle_tracker_vacci_cattle_id_0b0d64e3_fk_cattle_tr FOREIGN KEY (cattle_id) REFERENCES public.cattle_tracker_cattle(id) DEFERRABLE INITIALLY DEFERRED;


--
-- Name: django_admin_log django_admin_log_content_type_id_c4bce8eb_fk_django_co; Type: FK CONSTRAINT; Schema: public; Owner: cattle_user
--

ALTER TABLE ONLY public.django_admin_log
    ADD CONSTRAINT django_admin_log_content_type_id_c4bce8eb_fk_django_co FOREIGN KEY (content_type_id) REFERENCES public.django_content_type(id) DEFERRABLE INITIALLY DEFERRED;


--
-- Name: django_admin_log django_admin_log_user_id_c564eba6_fk_auth_user_id; Type: FK CONSTRAINT; Schema: public; Owner: cattle_user
--

ALTER TABLE ONLY public.django_admin_log
    ADD CONSTRAINT django_admin_log_user_id_c564eba6_fk_auth_user_id FOREIGN KEY (user_id) REFERENCES public.auth_user(id) DEFERRABLE INITIALLY DEFERRED;


--
-- Name: django_celery_beat_periodictask django_celery_beat_p_clocked_id_47a69f82_fk_django_ce; Type: FK CONSTRAINT; Schema: public; Owner: cattle_user
--

ALTER TABLE ONLY public.django_celery_beat_periodictask
    ADD CONSTRAINT django_celery_beat_p_clocked_id_47a69f82_fk_django_ce FOREIGN KEY (clocked_id) REFERENCES public.django_celery_beat_clockedschedule(id) DEFERRABLE INITIALLY DEFERRED;


--
-- Name: django_celery_beat_periodictask django_celery_beat_p_crontab_id_d3cba168_fk_django_ce; Type: FK CONSTRAINT; Schema: public; Owner: cattle_user
--

ALTER TABLE ONLY public.django_celery_beat_periodictask
    ADD CONSTRAINT django_celery_beat_p_crontab_id_d3cba168_fk_django_ce FOREIGN KEY (crontab_id) REFERENCES public.django_celery_beat_crontabschedule(id) DEFERRABLE INITIALLY DEFERRED;


--
-- Name: django_celery_beat_periodictask django_celery_beat_p_interval_id_a8ca27da_fk_django_ce; Type: FK CONSTRAINT; Schema: public; Owner: cattle_user
--

ALTER TABLE ONLY public.django_celery_beat_periodictask
    ADD CONSTRAINT django_celery_beat_p_interval_id_a8ca27da_fk_django_ce FOREIGN KEY (interval_id) REFERENCES public.django_celery_beat_intervalschedule(id) DEFERRABLE INITIALLY DEFERRED;


--
-- Name: django_celery_beat_periodictask django_celery_beat_p_solar_id_a87ce72c_fk_django_ce; Type: FK CONSTRAINT; Schema: public; Owner: cattle_user
--

ALTER TABLE ONLY public.django_celery_beat_periodictask
    ADD CONSTRAINT django_celery_beat_p_solar_id_a87ce72c_fk_django_ce FOREIGN KEY (solar_id) REFERENCES public.django_celery_beat_solarschedule(id) DEFERRABLE INITIALLY DEFERRED;


--
-- Name: SCHEMA public; Type: ACL; Schema: -; Owner: pg_database_owner
--

GRANT ALL ON SCHEMA public TO cattle_user;


--
-- Name: DEFAULT PRIVILEGES FOR SEQUENCES; Type: DEFAULT ACL; Schema: public; Owner: postgres
--

ALTER DEFAULT PRIVILEGES FOR ROLE postgres IN SCHEMA public GRANT ALL ON SEQUENCES TO cattle_user;


--
-- Name: DEFAULT PRIVILEGES FOR FUNCTIONS; Type: DEFAULT ACL; Schema: public; Owner: postgres
--

ALTER DEFAULT PRIVILEGES FOR ROLE postgres IN SCHEMA public GRANT ALL ON FUNCTIONS TO cattle_user;


--
-- Name: DEFAULT PRIVILEGES FOR TABLES; Type: DEFAULT ACL; Schema: public; Owner: postgres
--

ALTER DEFAULT PRIVILEGES FOR ROLE postgres IN SCHEMA public GRANT ALL ON TABLES TO cattle_user;


--
-- PostgreSQL database dump complete
--

